Pietro Ducange|https://dblp.org/pers/hd/d/Ducange:Pietro|University of Pisa, Italy
Rafael Alcalá|https://dblp.org/pers/hd/a/Alcal=aacute=:Rafael|
Gennaro Amendola|https://dblp.org/pers/hd/a/Amendola:Gennaro|
Giuseppe Anastasi|https://dblp.org/pers/hd/a/Anastasi:Giuseppe|University of Pisa, Italy
Fabio Antonelli|https://dblp.org/pers/hd/a/Antonelli:Fabio|
Michela Antonelli|https://dblp.org/pers/hd/a/Antonelli:Michela|
Mattia Antonini|https://dblp.org/pers/hd/a/Antonini:Mattia|
Marco Barsacchi|https://dblp.org/pers/hd/b/Barsacchi:Marco|
Alessio Bechini|https://dblp.org/pers/hd/b/Bechini:Alessio|
Simone Brienza|https://dblp.org/pers/hd/b/Brienza:Simone|
Daniel Burgos|https://dblp.org/pers/hd/b/Burgos:Daniel|Universidad Internacional de La Rioja, Logroño, Spain
Livio Cascone|https://dblp.org/pers/hd/c/Cascone:Livio|
Marta Cimitile|https://dblp.org/pers/hd/c/Cimitile:Marta|Unitelma Sapienza University, Rome, Italy
Marco Cococcioni|https://dblp.org/pers/hd/c/Cococcioni:Marco|
Eleonora D'Andrea|https://dblp.org/pers/hd/d/D=Andrea:Eleonora|
Michela Fazzolari|https://dblp.org/pers/hd/f/Fazzolari:Michela|
Andrea Ferranti|https://dblp.org/pers/hd/f/Ferranti:Andrea|
Domenico De Guglielmo|https://dblp.org/pers/hd/g/Guglielmo:Domenico_De|
Francisco Herrera|https://dblp.org/pers/hd/h/Herrera:Francisco|University of Granada, Department of Computer Science and Artificial Intelligence
Beatrice Lazzerini|https://dblp.org/pers/hd/l/Lazzerini:Beatrice|University of Pisa, Italy
Danilo Loffreno|https://dblp.org/pers/hd/l/Loffreno:Danilo|
Giuseppe Mannara|https://dblp.org/pers/hd/m/Mannara:Giuseppe|
Francesco Marcelloni|https://dblp.org/pers/hd/m/Marcelloni:Francesco|University of Pisa, Italy
D. Marinari|https://dblp.org/pers/hd/m/Marinari:D=|
Paolo Mezzina|https://dblp.org/pers/hd/m/Mezzina:Paolo|
Riccardo Pecori|https://dblp.org/pers/hd/p/Pecori:Riccardo|Università degli Studi eCampus, Novedrate, Italy
Charith Perera|https://dblp.org/pers/hd/p/Perera:Charith|
Marinella Petrocchi|https://dblp.org/pers/hd/p/Petrocchi:Marinella|
Pietro Picerno|https://dblp.org/pers/hd/p/Picerno:Pietro|
Paolo Raviolo|https://dblp.org/pers/hd/r/Raviolo:Paolo|
Alessandro Renda|https://dblp.org/pers/hd/r/Renda:Alessandro|
Germano Resconi|https://dblp.org/pers/hd/r/Resconi:Germano|
Luigi Sarti|https://dblp.org/pers/hd/s/Sarti:Luigi|
Armando Segatori|https://dblp.org/pers/hd/s/Segatori:Armando|
Christian M. Stracke|https://dblp.org/pers/hd/s/Stracke:Christian_M=|Open University in the Netherlands, Heerlen, The Netherlands
Massimo Vecchio|https://dblp.org/pers/hd/v/Vecchio:Massimo|
Tommaso Zaccone|https://dblp.org/pers/hd/z/Zaccone:Tommaso|
María José Gacto|https://dblp.org/pers/hd/g/Gacto:Mar=iacute=a_Jos=eacute=|
José M. Soto-Hidalgo|https://dblp.org/pers/hd/s/Soto=Hidalgo:Jos=eacute=_Manuel|
Jesús Alcalá-Fdez|https://dblp.org/pers/hd/a/Alcal=aacute==Fdez:Jes=uacute=s|University of Granada, Department Computer Science and Artificial Intelligence, Spain
Augusto Anguita-Ruiz|https://dblp.org/pers/hd/a/Anguita=Ruiz:Augusto|
Alberto Segura-Delgado|https://dblp.org/pers/hd/s/Segura=Delgado:Alberto|
Concepción Maria Aguilera|https://dblp.org/pers/hd/a/Aguilera:Concepci=oacute=n_Maria|
Jesús Alcalá-Fdez|https://dblp.org/pers/hd/f/Fern=aacute=ndez:Jes=uacute=s_Alcal=aacute=|University of Granada, Department Computer Science and Artificial Intelligence, Spain
Sergio González|https://dblp.org/pers/hd/g/Gonz=aacute=lez:Sergio|
Yusuke Nojima|https://dblp.org/pers/hd/n/Nojima:Yusuke|
Salvador García|https://dblp.org/pers/hd/g/Garc=iacute=a:Salvador|University of Granada, Department of Computer Science and Artificial Intelligence, Spain
Marta Galende|https://dblp.org/pers/hd/g/Galende:Marta|
Gregorio Ismael Sainz Palmero|https://dblp.org/pers/hd/s/Sainz:Gregorio_I=|University of Valladolid, Spain
Hisao Ishibuchi|https://dblp.org/pers/hd/i/Ishibuchi:Hisao|Southern University of Science and Technology, Shenzhen, China
Bruno Giglio|https://dblp.org/pers/hd/g/Giglio:Bruno|
Francisco Chávez de la O|https://dblp.org/pers/hd/o/O:Francisco_Ch=aacute=vez_de_la|University of Extremadura, Department of Computer Science
Francisco Fernández|https://dblp.org/pers/hd/f/Fern=aacute=ndez:Francisco|
Gustavo Olague|https://dblp.org/pers/hd/o/Olague:Gustavo|
Manuel Mucientes|https://dblp.org/pers/hd/m/Mucientes:Manuel|University of Santiago de Compostela, Spain
Jorge Casillas|https://dblp.org/pers/hd/c/Casillas:Jorge|University of Granada, Spain
Ignacio Robles|https://dblp.org/pers/hd/r/Robles:Ignacio|
José Manuel Benítez|https://dblp.org/pers/hd/b/Ben=iacute=tez:Jos=eacute=_Manuel|University of Granada, Department of Computer Science and Artificial Intelligence
José Otero|https://dblp.org/pers/hd/o/Otero:Jos=eacute=|
Oscar Cordón|https://dblp.org/pers/hd/c/Cord=oacute=n:Oscar|
Ignacio Rojas|https://dblp.org/pers/hd/r/Rojas:Ignacio|University of Granada, Department of Computer Architecture and Computer Technology
Francisco José Berlanga|https://dblp.org/pers/hd/b/Berlanga:Francisco_Jos=eacute=|
Antonio González Muñoz|https://dblp.org/pers/hd/g/Gonz=aacute=lez_0005:Antonio|University of Granada, Department of Computer Science and Artificial Ingelligence, Spain
Raúl Pérez|https://dblp.org/pers/hd/p/P=eacute=rez:Ra=uacute=l|
José Ramón Cano|https://dblp.org/pers/hd/c/Cano:Jos=eacute=_Ram=oacute=n|
Pedro Villar|https://dblp.org/pers/hd/v/Villar:Pedro|
Igor Zwir|https://dblp.org/pers/hd/z/Zwir:Igor|
Antonio González|https://dblp.org/pers/hd/g/Gonz=aacute=lez:Antonio|
Simona Settepanella|https://dblp.org/pers/hd/s/Settepanella:Simona|
Carlo Vallati|https://dblp.org/pers/hd/v/Vallati:Carlo|
Sajal K. Das 0001|https://dblp.org/pers/hd/d/Das_0001:Sajal_K=|Missouri University of Science and Technology, Department of Computer Science, Rolla, MO, USA
Marco Tiloca|https://dblp.org/pers/hd/t/Tiloca:Marco|
Gianluca Dini|https://dblp.org/pers/hd/d/Dini:Gianluca|University of Pisa, Italy
Alessandra De Paola|https://dblp.org/pers/hd/p/Paola:Alessandra_De|
Andrea Giammanco|https://dblp.org/pers/hd/g/Giammanco:Andrea|
Giuseppe Lo Re|https://dblp.org/pers/hd/r/Re:Giuseppe_Lo|
Benedetto Girgenti|https://dblp.org/pers/hd/g/Girgenti:Benedetto|
Pericle Perazzo|https://dblp.org/pers/hd/p/Perazzo:Pericle|
Francesca Righetti|https://dblp.org/pers/hd/r/Righetti:Francesca|
Daniela Comola|https://dblp.org/pers/hd/c/Comola:Daniela|
Giacomo Tanganelli|https://dblp.org/pers/hd/t/Tanganelli:Giacomo|
Enzo Mingozzi|https://dblp.org/pers/hd/m/Mingozzi:Enzo|University of Pisa, Italy
Dario Varano|https://dblp.org/pers/hd/v/Varano:Dario|
Maurizio Palmieri|https://dblp.org/pers/hd/p/Palmieri:Maurizio|
Sergio Saponara|https://dblp.org/pers/hd/s/Saponara:Sergio|
Filippo Giannetti|https://dblp.org/pers/hd/g/Giannetti:Filippo|University of Pisa, Italy
Bruno Neri|https://dblp.org/pers/hd/n/Neri:Bruno|University of Pisa, Italy
Beshr Al Nahas|https://dblp.org/pers/hd/n/Nahas:Beshr_Al|
Simon Duquennoy|https://dblp.org/pers/hd/d/Duquennoy:Simon|
Thiemo Voigt|https://dblp.org/pers/hd/v/Voigt:Thiemo|
Antonio Arena|https://dblp.org/pers/hd/a/Arena:Antonio|
Carlo Puliafito|https://dblp.org/pers/hd/p/Puliafito:Carlo|
Sena Cebeci|https://dblp.org/pers/hd/c/Cebeci:Sena_Efsun|
Seyed Saeid Masoumzadeh|https://dblp.org/pers/hd/m/Masoumzadeh:Seyed_Saeid|
Helmut Hlavacs|https://dblp.org/pers/hd/h/Hlavacs:Helmut|University of Vienna, Faculty of Computer Science
Öznur Özkasap|https://dblp.org/pers/hd/=/=Ouml=zkasap:=Ouml=znur|Koç University, Istanbul, Turkey
Manuel Roveri|https://dblp.org/pers/hd/r/Roveri:Manuel|
Francesco Restuccia|https://dblp.org/pers/hd/r/Restuccia:Francesco|
Marco Conti|https://dblp.org/pers/hd/c/Conti:Marco|
Emilio Ancillotti|https://dblp.org/pers/hd/a/Ancillotti:Emilio|
Raffaele Bruno|https://dblp.org/pers/hd/b/Bruno:Raffaele|
Andrea Galli|https://dblp.org/pers/hd/g/Galli:Andrea|
Paolo Bruschi|https://dblp.org/pers/hd/b/Bruschi:Paolo|University of Pisa, Italy
Roberta Daidone|https://dblp.org/pers/hd/d/Daidone:Roberta|
Marco Ortolani|https://dblp.org/pers/hd/o/Ortolani:Marco|
Alessio Seghetti|https://dblp.org/pers/hd/s/Seghetti:Alessio|
Fabio Bindi|https://dblp.org/pers/hd/b/Bindi:Fabio|
Eleonora Borgia|https://dblp.org/pers/hd/b/Borgia:Eleonora|
Sena Cebeci|https://dblp.org/pers/hd/c/Cebeci:Sena|
Vincenzo Neri|https://dblp.org/pers/hd/n/Neri:Vincenzo|
Cesare Alippi|https://dblp.org/pers/hd/a/Alippi:Cesare|
Koteswararao Kondepu|https://dblp.org/pers/hd/k/Kondepu:Koteswararao|
Ilaria Giannetti|https://dblp.org/pers/hd/g/Giannetti:Ilaria|
Emilio Bellini|https://dblp.org/pers/hd/b/Bellini:Emilio|
Elisabetta Di Nitto|https://dblp.org/pers/hd/n/Nitto:Elisabetta_Di|
Carlo Ghezzi|https://dblp.org/pers/hd/g/Ghezzi:Carlo|Polytechnic University of Milan, Italy
Letizia Tanca|https://dblp.org/pers/hd/t/Tanca:Letizia|Politecnico di Milano, Italy
Eugenio Zimeo|https://dblp.org/pers/hd/z/Zimeo:Eugenio|
Mario Di Francesco|https://dblp.org/pers/hd/f/Francesco:Mario_Di|
Enrico Gregori|https://dblp.org/pers/hd/g/Gregori:Enrico|
Kunal Shah|https://dblp.org/pers/hd/s/Shah:Kunal|
Mohan Kumar|https://dblp.org/pers/hd/k/Kumar:Mohan|
Francesco Corucci|https://dblp.org/pers/hd/c/Corucci:Francesco|
Jean-Marc Pierson|https://dblp.org/pers/hd/p/Pierson:Jean=Marc|
Andrea Passarella|https://dblp.org/pers/hd/p/Passarella:Andrea|National Research Council, Italy
Silvia Giordano|https://dblp.org/pers/hd/g/Giordano:Silvia|
Damla Turgut|https://dblp.org/pers/hd/t/Turgut:Damla|
Yonghe Liu|https://dblp.org/pers/hd/l/Liu:Yonghe|
Daniela Nicklas|https://dblp.org/pers/hd/n/Nicklas:Daniela|University of Bamberg, Faculty Information Systems and Applied Computer Sciences
Steve Ward|https://dblp.org/pers/hd/w/Ward:Steve|
Daniele Puccinelli|https://dblp.org/pers/hd/p/Puccinelli:Daniele|
Nalini Venkatasubramanian|https://dblp.org/pers/hd/v/Venkatasubramanian:Nalini|University of California, Irvine, USA
Orazio Farruggia|https://dblp.org/pers/hd/f/Farruggia:Orazio|
Stephan Olariu|https://dblp.org/pers/hd/o/Olariu:Stephan|Old Dominion University, Norfolk, Virginia, USA
Andrea Bacioccola|https://dblp.org/pers/hd/b/Bacioccola:Andrea|
Claudio Cicconetti|https://dblp.org/pers/hd/c/Cicconetti:Claudio|
Luciano Lenzini|https://dblp.org/pers/hd/l/Lenzini:Luciano|University of Pisa, Italy
Monica Castronuovo|https://dblp.org/pers/hd/c/Castronuovo:Monica|
Cristian Galperti|https://dblp.org/pers/hd/g/Galperti:Cristian|
Francesca Mancini|https://dblp.org/pers/hd/m/Mancini:Francesca|
Emmanuele Monaldi|https://dblp.org/pers/hd/m/Monaldi:Emmanuele|
Edoardo Biagioni|https://dblp.org/pers/hd/b/Biagioni:Edoardo|University of Hawaii, Honolulu, HI, USA
Stefan Olariu|https://dblp.org/pers/hd/o/Olariu:Stefan|
Luciana Pelusi|https://dblp.org/pers/hd/p/Pelusi:Luciana|
Alberto Bartoli|https://dblp.org/pers/hd/b/Bartoli:Alberto|
Giacomo Giannini|https://dblp.org/pers/hd/g/Giannini:Giacomo|
Flaminia L. Luccio|https://dblp.org/pers/hd/l/Luccio:Flaminia_L=|
A. Falchi|https://dblp.org/pers/hd/f/Falchi:A=|
Willy Lapenna|https://dblp.org/pers/hd/l/Lapenna:Willy|
Renata Bandelloni|https://dblp.org/pers/hd/b/Bandelloni:Renata|
Franca Delmastro|https://dblp.org/pers/hd/d/Delmastro:Franca|
Giovanni Mainetto|https://dblp.org/pers/hd/m/Mainetto:Giovanni|
Jian Ye|https://dblp.org/pers/hd/y/Ye:Jian|
Symeon Papavassiliou|https://dblp.org/pers/hd/p/Papavassiliou:Symeon|
Antonio Puliafito|https://dblp.org/pers/hd/p/Puliafito:Antonio|University of Messina, Italy
Stefano Basagni|https://dblp.org/pers/hd/b/Basagni:Stefano|
Nicoletta De Francesco|https://dblp.org/pers/hd/f/Francesco:Nicoletta_De|University of Pisa, Italy
Antonella Santone|https://dblp.org/pers/hd/s/Santone:Antonella|
Yoram Ofek|https://dblp.org/pers/hd/o/Ofek:Yoram|
Francesco Spadoni|https://dblp.org/pers/hd/s/Spadoni:Francesco|
M. La Porta|https://dblp.org/pers/hd/p/Porta:M=_La|
Pierfrancesco Foglia|https://dblp.org/pers/hd/f/Foglia:Pierfrancesco|
Andreas Hettich|https://dblp.org/pers/hd/h/Hettich:Andreas|
Andreas Krämling|https://dblp.org/pers/hd/k/Kr=auml=mling:Andreas|
Davide Grillo|https://dblp.org/pers/hd/g/Grillo:Davide|
Beatrice Meini|https://dblp.org/pers/hd/m/Meini:Beatrice|
Vittorio Cortellessa|https://dblp.org/pers/hd/c/Cortellessa:Vittorio|University of L'Aquila, Italy
Marco Gribaudo|https://dblp.org/pers/hd/g/Gribaudo:Marco|
Riccardo Pinciroli|https://dblp.org/pers/hd/p/Pinciroli:Riccardo|
Kishor S. Trivedi|https://dblp.org/pers/hd/t/Trivedi:Kishor_S=|Duke University, Durham, NC, USA
Catia Trubiani|https://dblp.org/pers/hd/t/Trubiani:Catia|Gran Sasso Science Institute, L'Aquila, Italy
Muhammad Salek Ali|https://dblp.org/pers/hd/a/Ali:Muhammad_Salek|
Miguel Pincheira|https://dblp.org/pers/hd/p/Pincheira:Miguel|
Koustabh Dolui|https://dblp.org/pers/hd/d/Dolui:Koustabh|
Mubashir Husain Rehmani|https://dblp.org/pers/hd/r/Rehmani:Mubashir_Husain|
Zaffar Haider Janjua|https://dblp.org/pers/hd/j/Janjua:Zaffar_Haider|
Giovanni Perrone|https://dblp.org/pers/hd/p/Perrone:Giovanni|
Javier Del Ser|https://dblp.org/pers/hd/s/Ser:Javier_Del|
Vivart Kapoor|https://dblp.org/pers/hd/k/Kapoor:Vivart|
Daniele Pizzolli|https://dblp.org/pers/hd/p/Pizzolli:Daniele|
Giuseppe Cossu|https://dblp.org/pers/hd/c/Cossu:Giuseppe|
Daniele Santoro|https://dblp.org/pers/hd/s/Santoro:Daniele|
Luca Capra|https://dblp.org/pers/hd/c/Capra:Luca|
Corentin Dupont|https://dblp.org/pers/hd/d/Dupont:Corentin|
Dukas Charalampos|https://dblp.org/pers/hd/c/Charalampos:Dukas|
Francesco De Pellegrini|https://dblp.org/pers/hd/p/Pellegrini:Francesco_De|
Silvio Cretti|https://dblp.org/pers/hd/c/Cretti:Silvio|
Raffaele Giaffreda|https://dblp.org/pers/hd/g/Giaffreda:Raffaele|
Charalampos Doukas|https://dblp.org/pers/hd/d/Doukas:Charalampos|
Erinda Jaupaj|https://dblp.org/pers/hd/j/Jaupaj:Erinda|
Andrei Tamilin|https://dblp.org/pers/hd/t/Tamilin:Andrei|
Iacopo Carreras|https://dblp.org/pers/hd/c/Carreras:Iacopo|
Benny Mandler|https://dblp.org/pers/hd/m/Mandler:Benny|IBM
Robert Kleinfeld|https://dblp.org/pers/hd/k/Kleinfeld:Robert|
Carlos Pedrinaci|https://dblp.org/pers/hd/p/Pedrinaci:Carlos|
David Carrera 0001|https://dblp.org/pers/hd/c/Carrera_0001:David|Polytechnic University of Catalonia, Barcelona Supercomputing Center, Barcelona, Spain
Alessio Gugliotta|https://dblp.org/pers/hd/g/Gugliotta:Alessio|
Daniel Schreckling|https://dblp.org/pers/hd/s/Schreckling:Daniel|
Dave Raggett|https://dblp.org/pers/hd/r/Raggett:Dave|
Marc Pous|https://dblp.org/pers/hd/p/Pous:Marc|
Carmen Vicente Villares|https://dblp.org/pers/hd/v/Villares:Carmen_Vicente|
Vlad Trifa|https://dblp.org/pers/hd/t/Trifa:Vlad|
Simon Delaere|https://dblp.org/pers/hd/d/Delaere:Simon|
Pieter Ballon|https://dblp.org/pers/hd/b/Ballon:Pieter|
Peter Mechant|https://dblp.org/pers/hd/m/Mechant:Peter|
Giorgio Parladori|https://dblp.org/pers/hd/p/Parladori:Giorgio|
Dirk Osstyn|https://dblp.org/pers/hd/o/Osstyn:Dirk|
Merce Lopez|https://dblp.org/pers/hd/l/Lopez:Merce|
Sven Maltha|https://dblp.org/pers/hd/m/Maltha:Sven|
Makis Stamatelatos|https://dblp.org/pers/hd/s/Stamatelatos:Makis|
Ana Garcia|https://dblp.org/pers/hd/g/Garcia:Ana|
Artur Serra|https://dblp.org/pers/hd/s/Serra:Artur|
Roberto Riggio|https://dblp.org/pers/hd/r/Riggio:Roberto|
Slawomir Kuklinski|https://dblp.org/pers/hd/k/Kuklinski:Slawomir|
Tinku Rasheed|https://dblp.org/pers/hd/r/Rasheed:Tinku|CREATE-NET Research Center, Trento, Italy
David Andreatta|https://dblp.org/pers/hd/a/Andreatta:David|
David Tacconi|https://dblp.org/pers/hd/t/Tacconi:David|
Sergio Scarlatti|https://dblp.org/pers/hd/s/Scarlatti:Sergio|
Emilio Barucci|https://dblp.org/pers/hd/b/Barucci:Emilio|
Maria Elvira Mancino|https://dblp.org/pers/hd/m/Mancino:Maria_Elvira|
Manuel Jorge Cardoso|https://dblp.org/pers/hd/c/Cardoso:M=_Jorge|
Edward W. Johnston|https://dblp.org/pers/hd/j/Johnston:Edward_W=|
Mrishta Brizmohun Appayya|https://dblp.org/pers/hd/a/Appayya:Mrishta_Brizmohun|
Benoît Presles|https://dblp.org/pers/hd/p/Presles:Beno=icirc=t|
Marc Modat|https://dblp.org/pers/hd/m/Modat:Marc|
Shonit Punwani|https://dblp.org/pers/hd/p/Punwani:Shonit|
Sébastien Ourselin|https://dblp.org/pers/hd/o/Ourselin:S=eacute=bastien|
Michael Hütel|https://dblp.org/pers/hd/h/H=uuml=tel:Michael|
Jinendra Ekanayake|https://dblp.org/pers/hd/e/Ekanayake:Jinendra|
Andrew Melbourne|https://dblp.org/pers/hd/m/Melbourne:Andrew|University College London, UK
Amber L. Simpson|https://dblp.org/pers/hd/s/Simpson:Amber_L=|
Spyridon Bakas|https://dblp.org/pers/hd/b/Bakas:Spyridon|
Michel Bilello|https://dblp.org/pers/hd/b/Bilello:Michel|
Keyvan Farahani|https://dblp.org/pers/hd/f/Farahani:Keyvan|
Bram van Ginneken|https://dblp.org/pers/hd/g/Ginneken:Bram_van|
Annette Kopp-Schneider|https://dblp.org/pers/hd/k/Kopp=Schneider:Annette|
Bennett A. Landman|https://dblp.org/pers/hd/l/Landman:Bennett_A=|
Geert J. S. Litjens|https://dblp.org/pers/hd/l/Litjens:Geert_J=_S=|
Bjoern H. Menze|https://dblp.org/pers/hd/m/Menze:Bjoern_H=|TU Munich, Faculty of Computer Science
Olaf Ronneberger|https://dblp.org/pers/hd/r/Ronneberger:Olaf|University of Freiburg, Germany
Ronald M. Summers|https://dblp.org/pers/hd/s/Summers:Ronald_M=|
Patrick Bilic|https://dblp.org/pers/hd/b/Bilic:Patrick|
Patrick Ferdinand Christ|https://dblp.org/pers/hd/c/Christ:Patrick_Ferdinand|
Richard K. G. Do|https://dblp.org/pers/hd/d/Do:Richard_K=_G=|
Marc Gollub|https://dblp.org/pers/hd/g/Gollub:Marc|
Jennifer Golia-Pernicka|https://dblp.org/pers/hd/g/Golia=Pernicka:Jennifer|
Stephan Heckers|https://dblp.org/pers/hd/h/Heckers:Stephan|
William R. Jarnagin|https://dblp.org/pers/hd/j/Jarnagin:William_R=|
Maureen McHugo|https://dblp.org/pers/hd/m/McHugo:Maureen|
Sandy Napel|https://dblp.org/pers/hd/n/Napel:Sandy|
Eugene Vorontsov|https://dblp.org/pers/hd/v/Vorontsov:Eugene|
Lena Maier-Hein|https://dblp.org/pers/hd/m/Maier=Hein:Lena|
Dario Bernardo|https://dblp.org/pers/hd/b/Bernardo:Dario|
Hani Hagras|https://dblp.org/pers/hd/h/Hagras:Hani|University of Essex, Colchester, UK
Dan C. Stefanescu|https://dblp.org/pers/hd/s/Stefanescu:Dan_C=|
Guang-Zhong Yang|https://dblp.org/pers/hd/y/Yang:Guang=Zhong|Imperial College London, UK
Graziano Frosini|https://dblp.org/pers/hd/f/Frosini:Graziano|University of Pisa, Italy
Paolo Cova|https://dblp.org/pers/hd/c/Cova:Paolo|
Nicola Delmonte|https://dblp.org/pers/hd/d/Delmonte:Nicola|
Alberto Castellazzi|https://dblp.org/pers/hd/c/Castellazzi:Alberto|
Simone Cirani|https://dblp.org/pers/hd/c/Cirani:Simone|
Gianluigi Ferrari|https://dblp.org/pers/hd/f/Ferrari:Gianluigi|University of Parma, Department of Information Engineering
Paolo Medagliani|https://dblp.org/pers/hd/m/Medagliani:Paolo|
Marco Picone|https://dblp.org/pers/hd/p/Picone:Marco|
Luca Veltri|https://dblp.org/pers/hd/v/Veltri:Luca|
Mattia Ricatto|https://dblp.org/pers/hd/r/Ricatto:Mattia|
Eva Maria Novoa|https://dblp.org/pers/hd/n/Novoa:Eva_Maria|
Manolis Kellis|https://dblp.org/pers/hd/k/Kellis:Manolis|Massachusetts Institute of Technology, Cambridge, USA
Andrea Baù|https://dblp.org/pers/hd/b/Ba=ugrave=:Andrea|
Andrea Aliperti|https://dblp.org/pers/hd/a/Aliperti:Andrea|
Davide Gazzè|https://dblp.org/pers/hd/g/Gazz=egrave=:Davide|
Andrea Marchetti|https://dblp.org/pers/hd/m/Marchetti:Andrea|
Maurizio Tesconi|https://dblp.org/pers/hd/t/Tesconi:Maurizio|
Adriano Donato De Matteis|https://dblp.org/pers/hd/m/Matteis:Adriano_Donato_De|
Roger L. Wainwright|https://dblp.org/pers/hd/w/Wainwright:Roger_L=|
Juan M. Corchado|https://dblp.org/pers/hd/c/Corchado:Juan_Manuel|University of Salamanca, Spain
Jiman Hong|https://dblp.org/pers/hd/h/Hong:Jiman|
Anna Vetrano|https://dblp.org/pers/hd/v/Vetrano:Anna|
Mimma Nardelli|https://dblp.org/pers/hd/n/Nardelli:Mimma|
Luciano Tedesco|https://dblp.org/pers/hd/t/Tedesco:Luciano|
Riccardo Giannini|https://dblp.org/pers/hd/g/Giannini:Riccardo|
Jacopo Viotto|https://dblp.org/pers/hd/v/Viotto:Jacopo|
Mario G. C. A. Cimino|https://dblp.org/pers/hd/c/Cimino:Mario_G=_C=_A=|
Andrea Tomasi|https://dblp.org/pers/hd/t/Tomasi:Andrea|University of Pisa, Italy
Cosimo Antonio Prete|https://dblp.org/pers/hd/p/Prete:Cosimo_Antonio|University of Pisa, Italy
Alessandro Bardine|https://dblp.org/pers/hd/b/Bardine:Alessandro|
François Bodin|https://dblp.org/pers/hd/b/Bodin:Fran=ccedil=ois|
Thomas M. Conte|https://dblp.org/pers/hd/c/Conte:Thomas_M=|Georgia Institute of Technology, Atlanta GA, USA
Raffaele Lapadula|https://dblp.org/pers/hd/l/Lapadula:Raffaele|
Kuo-Chung Tai|https://dblp.org/pers/hd/t/Tai:Kuo=Chung|
Alberto Corbi|https://dblp.org/pers/hd/c/Corbi:Alberto|
Iratxe Lejarreta Errasti|https://dblp.org/pers/hd/e/Errasti:Iratxe_Lejarreta|
Fredys Alberto Simanca Herrera|https://dblp.org/pers/hd/h/Herrera:Fredys_Alberto_Simanca|
Rubén González Crespo|https://dblp.org/pers/hd/c/Crespo:Rub=eacute=n_Gonz=aacute=lez|Universidad Internacional de La Rioja, Spain
Luis Rodríguez Baena|https://dblp.org/pers/hd/b/Baena:Luis_Rodr=iacute=guez|
Natalia Padilla Zea|https://dblp.org/pers/hd/z/Zea:Natalia_Padilla|
Stefania Aceto|https://dblp.org/pers/hd/a/Aceto:Stefania|
Carlos Julio Moya Jutinico|https://dblp.org/pers/hd/j/Jutinico:Carlos_Julio_Moya|
Carlos Enrique Montenegro Marín|https://dblp.org/pers/hd/m/Mar=iacute=n:Carlos_Enrique_Montenegro|Francisco José de Caldas District University, Bogotá, Colombia
Olga C. Santos|https://dblp.org/pers/hd/s/Santos:Olga_C=|
Iñigo Garbayo-Ágreda|https://dblp.org/pers/hd/g/Garbayo==Aacute=greda:I=ntilde=igo|
Fabio Nascimbeni|https://dblp.org/pers/hd/n/Nascimbeni:Fabio|
Joaquin Alonso|https://dblp.org/pers/hd/a/Alonso:Joaquin|
Olga Sanz|https://dblp.org/pers/hd/s/Sanz:Olga|
Laura Duque Cano|https://dblp.org/pers/hd/c/Cano:Laura_Duque|
Carlos Fernández|https://dblp.org/pers/hd/f/Fern=aacute=ndez:Carlos|
John Willian Branch|https://dblp.org/pers/hd/b/Branch:John_Willian|National University of Colombia, Bogotá, Colombia
Martín Darío Arango|https://dblp.org/pers/hd/a/Arango:Mart=iacute=n_Dar=iacute=o|
Antonio Balderas|https://dblp.org/pers/hd/b/Balderas:Antonio|
Luis de la Fuente Valentín|https://dblp.org/pers/hd/v/Valent=iacute=n:Luis_de_la_Fuente|
Miguel Ortega-Mier|https://dblp.org/pers/hd/o/Ortega=Mier:Miguel|
Juan Manuel Dodero|https://dblp.org/pers/hd/d/Dodero:Juan_Manuel|
Roumen Nikolov|https://dblp.org/pers/hd/n/Nikolov:Roumen|
Manju Khari|https://dblp.org/pers/hd/k/Khari:Manju|
Prabhat Kumar|https://dblp.org/pers/hd/k/Kumar:Prabhat|
Katherine Wimpenny|https://dblp.org/pers/hd/w/Wimpenny:Katherine|
Isidro Maya|https://dblp.org/pers/hd/m/Maya:Isidro|
Cristina Stefanelli|https://dblp.org/pers/hd/s/Stefanelli:Cristina|
Ayman Eldeib|https://dblp.org/pers/hd/e/Eldeib:Ayman|
Alberto Albiol|https://dblp.org/pers/hd/a/Albiol:Alberto|Technical University of Valencia
Juan Francisco Ortega-Morán|https://dblp.org/pers/hd/o/Ortega=Mor=aacute=n:Juan_Francisco|
José B. Pagador|https://dblp.org/pers/hd/p/Pagador:Jos=eacute=_Blas|
Luisa F. Sánchez-Peralta|https://dblp.org/pers/hd/s/S=aacute=nchez=Peralta:Luisa_F=|
Patricia Sánchez-González|https://dblp.org/pers/hd/s/S=aacute=nchez=Gonz=aacute=lez:Patricia|
José Francisco Noguera-Aguilar|https://dblp.org/pers/hd/n/Noguera=Aguilar:Jos=eacute=_Francisco|
Enrique J. Gómez|https://dblp.org/pers/hd/g/G=oacute=mez:Enrique_J=|
Francisco M. Sánchez-Margallo|https://dblp.org/pers/hd/s/S=aacute=nchez=Margallo:Francisco_M=|
Jordán Pascual Espada|https://dblp.org/pers/hd/e/Espada:Jord=aacute=n_Pascual|
Elena Verdú|https://dblp.org/pers/hd/v/Verd=uacute=:Elena|
Luis de la Fuente Valentín|https://dblp.org/pers/hd/d/de=la=Fuente=Valent=iacute=n:Luis|
Abelardo Pardo|https://dblp.org/pers/hd/p/Pardo:Abelardo|
Fernando López Hernández 0001|https://dblp.org/pers/hd/h/Hern=aacute=ndez_0001:Fernando_L=oacute=pez|International University of La Rioja (UNIR), Madrid, Spain
Ricardo Mazza|https://dblp.org/pers/hd/m/Mazza:Ricardo|
Peter A. Henning|https://dblp.org/pers/hd/h/Henning:Peter_A=|
Alexandra Forstner|https://dblp.org/pers/hd/f/Forstner:Alexandra|
Florian Heberle|https://dblp.org/pers/hd/h/Heberle:Florian|
Christian Swertz|https://dblp.org/pers/hd/s/Swertz:Christian|
Alexander Schmölz|https://dblp.org/pers/hd/s/Schm=ouml=lz:Alexander|
Alessandro Barberi|https://dblp.org/pers/hd/b/Barberi:Alessandro|
Luisa M. Regueras|https://dblp.org/pers/hd/r/Regueras:Luisa_M=|University of Valladolid, School of Telecommunications Engineering, Spain
María Jesús Verdú|https://dblp.org/pers/hd/v/Verd=uacute=:Mar=iacute=a_Jes=uacute=s|
Juan Pablo de Castro Fernández|https://dblp.org/pers/hd/f/Fern=aacute=ndez:Juan_Pablo_de_Castro|
Eran Gal|https://dblp.org/pers/hd/g/Gal:Eran|
Elisabetta Parodi|https://dblp.org/pers/hd/p/Parodi:Elisabetta|
Uta Schwertel|https://dblp.org/pers/hd/s/Schwertel:Uta|Ludwig Maximilian University of Munich, Germany
Sven Steudter|https://dblp.org/pers/hd/s/Steudter:Sven|
Aurora Carrasco|https://dblp.org/pers/hd/c/Carrasco:Aurora|
Kinga Konya|https://dblp.org/pers/hd/k/Konya:Kinga|
Vicente Arturo Romero Zaldivar|https://dblp.org/pers/hd/z/Zaldivar:Vicente_Arturo_Romero|
Carlos Delgado Kloos|https://dblp.org/pers/hd/k/Kloos:Carlos_Delgado|Charles III University of Madrid, Spain
Raquel M. Crespo García|https://dblp.org/pers/hd/g/Garc=iacute=a:Raquel_M=_Crespo|
Luis E. Anido-Rifón|https://dblp.org/pers/hd/a/Anido=Rif=oacute=n:Luis_E=|
Manuel Caeiro|https://dblp.org/pers/hd/c/Caeiro:Manuel|
Javier Torrente|https://dblp.org/pers/hd/t/Torrente:Javier|
Manuel J. Fernández Iglesias|https://dblp.org/pers/hd/i/Iglesias:Manuel_J=_Fern=aacute=ndez|
Javier González|https://dblp.org/pers/hd/g/Gonzalez:Javier|University of Málaga, Spain
Mario Manso Vázquez|https://dblp.org/pers/hd/v/V=aacute=zquez:Mario_Manso|
Manuel Ortega-Moral|https://dblp.org/pers/hd/o/Ortega=Moral:Manuel|
Daniel Rodríguez|https://dblp.org/pers/hd/r/Rodr=iacute=guez:Daniel|
Baltasar Fernández-Manjón|https://dblp.org/pers/hd/f/Fern=aacute=ndez=Manj=oacute=n:Baltasar|Universidad Complutense de Madrid, Spain
Ignacio Oropesa|https://dblp.org/pers/hd/o/Oropesa:Ignacio|
V. Romero|https://dblp.org/pers/hd/r/Romero:V=|
A. Fernández|https://dblp.org/pers/hd/f/Fern=aacute=ndez:A=|
A. Albacete|https://dblp.org/pers/hd/a/Albacete:A=|
E. Asenjo|https://dblp.org/pers/hd/a/Asenjo:E=|
Noaa Barak|https://dblp.org/pers/hd/b/Barak:Noaa|
Anthony Fisher Camilleri|https://dblp.org/pers/hd/c/Camilleri:Anthony_Fisher|
Fred de Vries|https://dblp.org/pers/hd/v/Vries:Fred_de|
Marcus Specht|https://dblp.org/pers/hd/s/Specht:Marcus|
Caroline Windrum|https://dblp.org/pers/hd/w/Windrum:Caroline|
Griff Richards|https://dblp.org/pers/hd/r/Richards:Griff|
Pablo Moreno-Ger|https://dblp.org/pers/hd/m/Moreno=Ger:Pablo|
Iván Martínez-Ortiz|https://dblp.org/pers/hd/m/Mart=iacute=nez=Ortiz:Iv=aacute=n|
José Luis Sierra|https://dblp.org/pers/hd/s/Sierra:Jos=eacute=_Luis|
Eelco Herder|https://dblp.org/pers/hd/h/Herder:Eelco|Radboud Universiteit Nijmegen, The Netherlands
Daniel Olmedilla|https://dblp.org/pers/hd/o/Olmedilla:Daniel|
Colin Tattersall|https://dblp.org/pers/hd/t/Tattersall:Colin|
Rob Koper|https://dblp.org/pers/hd/k/Koper:Rob|
Peter Dolog|https://dblp.org/pers/hd/d/Dolog:Peter|Aalborg University, Denmark
Milos Kravcik|https://dblp.org/pers/hd/k/Kravcik:Milos|RWTH Aachen University, Germany
Alexandra I. Cristea|https://dblp.org/pers/hd/c/Cristea:Alexandra_I=|University of Warwick, UK
Paul De Bra|https://dblp.org/pers/hd/b/Bra:Paul_De|Eindhoven University of Technology, Netherlands
Stefano Ceri|https://dblp.org/pers/hd/c/Ceri:Stefano|Polytechnic University of Milan, Italy
Vladan Devedzic|https://dblp.org/pers/hd/d/Devedzic:Vladan|University of Belgrade, Faculty of Organizational Sciences, Serbia
Geert-Jan Houben|https://dblp.org/pers/hd/h/Houben:Geert=Jan|Delft University of Technology, Netherlands
Paul Libbrecht|https://dblp.org/pers/hd/l/Libbrecht:Paul|Weingarten University of Education, Media Education and Visualization Group
Maristella Matera|https://dblp.org/pers/hd/m/Matera:Maristella|
Erica Melis|https://dblp.org/pers/hd/m/Melis:Erica|German Research Institute for Artificial Intelligence (DFKI)
Wolfgang Nejdl|https://dblp.org/pers/hd/n/Nejdl:Wolfgang|University of Hanover, Germany
Craig D. Stewart|https://dblp.org/pers/hd/s/Stewart:Craig_D=|
David Smits|https://dblp.org/pers/hd/s/Smits:David|
Natalia Stash|https://dblp.org/pers/hd/s/Stash:Natalia|
Martin Dougiamas|https://dblp.org/pers/hd/d/Dougiamas:Martin|
Hubert Vogten|https://dblp.org/pers/hd/v/Vogten:Hubert|
Davinia Hernández Leo|https://dblp.org/pers/hd/l/Leo:Davinia_Hern=aacute=ndez|
Andreas Harrer|https://dblp.org/pers/hd/h/Harrer:Andreas|
Juan I. Asensio-Pérez|https://dblp.org/pers/hd/a/Asensio=P=eacute=rez:Juan_I=|
Hans G. K. Hummel|https://dblp.org/pers/hd/h/Hummel:Hans_G=_K=|
Francis Brouns|https://dblp.org/pers/hd/b/Brouns:Francis|
Hub Kurvers|https://dblp.org/pers/hd/k/Kurvers:Hub|
Martin Memmel|https://dblp.org/pers/hd/m/Memmel:Martin|
Eric Ras|https://dblp.org/pers/hd/r/Ras:Eric|
Stephan Weibelzahl|https://dblp.org/pers/hd/w/Weibelzahl:Stephan|
Martin Wolpers|https://dblp.org/pers/hd/w/Wolpers:Martin|
Mario Luca Bernardi|https://dblp.org/pers/hd/b/Bernardi:Mario_Luca|
Damiano Distante|https://dblp.org/pers/hd/d/Distante:Damiano|
Fabio Martinelli|https://dblp.org/pers/hd/m/Martinelli:Fabio|National Research Council, Italy
Francesco Mercaldo|https://dblp.org/pers/hd/m/Mercaldo:Francesco|
Pasquale Ardimento|https://dblp.org/pers/hd/a/Ardimento:Pasquale|University of Bari Aldo Moro, Italy
Giuseppe De Ruvo|https://dblp.org/pers/hd/r/Ruvo:Giuseppe_De|
Fabrizio Maria Maggi|https://dblp.org/pers/hd/m/Maggi:Fabrizio_Maria|University of Tartu, Estonia
Giovanni Acampora|https://dblp.org/pers/hd/a/Acampora:Giovanni|University of Naples Federico II, Department of Physics, Italy
Genny Tortora|https://dblp.org/pers/hd/t/Tortora:Genoveffa|University of Salerno, Italy
Autilia Vitiello|https://dblp.org/pers/hd/v/Vitiello:Autilia|
Chiara Di Francescomarino|https://dblp.org/pers/hd/f/Francescomarino:Chiara_Di|
Giuseppe A. Di Lucca|https://dblp.org/pers/hd/l/Lucca:Giuseppe_A=_Di|
Andrea Burattin|https://dblp.org/pers/hd/b/Burattin:Andrea|
Alessandro Sperduti|https://dblp.org/pers/hd/s/Sperduti:Alessandro|University of Padua, Italy
Claudio Di Ciccio|https://dblp.org/pers/hd/c/Ciccio:Claudio_Di|
Gerardo Canfora|https://dblp.org/pers/hd/c/Canfora:Gerardo|University of Sannio, Italy
Luigi Cerulo|https://dblp.org/pers/hd/c/Cerulo:Luigi|
Massimiliano Di Penta|https://dblp.org/pers/hd/p/Penta:Massimiliano_Di|University of Sannio, Benevento, Italy
Giuseppe Visaggio|https://dblp.org/pers/hd/v/Visaggio:Giuseppe|
Giuseppe A. Di Lucca|https://dblp.org/pers/hd/l/Lucca:Giuseppe_Antonio_Di|
Matteo Gaeta|https://dblp.org/pers/hd/g/Gaeta:Matteo|
Vincenzo Loia|https://dblp.org/pers/hd/l/Loia:Vincenzo|University of Salerno, Italy
Francesco Mazzone|https://dblp.org/pers/hd/m/Mazzone:Francesco|
Maria Teresa Baldassarre|https://dblp.org/pers/hd/b/Baldassarre:Maria_Teresa|
Gemma Mastelloni|https://dblp.org/pers/hd/m/Mastelloni:Gemma|
Danilo Caivano|https://dblp.org/pers/hd/c/Caivano:Danilo|
Lorenzo De Marinis|https://dblp.org/pers/hd/m/Marinis:Lorenzo_De|
Piero Castoldi|https://dblp.org/pers/hd/c/Castoldi:Piero|
Nicola Andriolli|https://dblp.org/pers/hd/a/Andriolli:Nicola|
Massimo Pappalardo|https://dblp.org/pers/hd/p/Pappalardo:Massimo|
Yaroslav D. Sergeyev|https://dblp.org/pers/hd/s/Sergeyev:Yaroslav_D=|
Lorenzo Fiaschi|https://dblp.org/pers/hd/f/Fiaschi:Lorenzo|
Gabriele Ferri 0002|https://dblp.org/pers/hd/f/Ferri_0002:Gabriele|NATO Science and Technology Centre for Maritime Research and Experimentation, La Spezia, Italy
Alberto Alvarez|https://dblp.org/pers/hd/a/Alvarez:Alberto|
Francesco Pistolesi|https://dblp.org/pers/hd/p/Pistolesi:Francesco|
Raffaele Grasso|https://dblp.org/pers/hd/g/Grasso:Raffaele|
Baptiste Mourre|https://dblp.org/pers/hd/m/Mourre:Baptiste|
John Osler|https://dblp.org/pers/hd/o/Osler:John|
Jacopo Chiggiato|https://dblp.org/pers/hd/c/Chiggiato:Jacopo|
Sara Lioba Volpi|https://dblp.org/pers/hd/v/Volpi:Sara_Lioba|
Michel Rixen|https://dblp.org/pers/hd/r/Rixen:Michel|
Alberto Baldacci|https://dblp.org/pers/hd/b/Baldacci:Alberto|
Charles Trees|https://dblp.org/pers/hd/t/Trees:Charles|
Linda Corucci|https://dblp.org/pers/hd/c/Corucci:Linda|
Fabio Nardelli|https://dblp.org/pers/hd/n/Nardelli:Fabio|
Giovanni Corsini|https://dblp.org/pers/hd/c/Corsini:Giovanni|University of Pisa, Italy
Luca Foschini|https://dblp.org/pers/hd/f/Foschini:Luca|
Pierluigi Guasqui|https://dblp.org/pers/hd/g/Guasqui:Pierluigi|
Marco Diani|https://dblp.org/pers/hd/d/Diani:Marco|
Fabio Di Francesco|https://dblp.org/pers/hd/f/Francesco:Fabio_Di|
Valentina Dini|https://dblp.org/pers/hd/d/Dini:Valentina|
Marco Romanelli 0001|https://dblp.org/pers/hd/r/Romanelli_0001:Marco|University of Pisa, Italy
Pietro Salvo|https://dblp.org/pers/hd/s/Salvo:Pietro|
Alice Buffi|https://dblp.org/pers/hd/b/Buffi:Alice|
Paolo Nepa|https://dblp.org/pers/hd/n/Nepa:Paolo|University of Pisa, Italy
David Di Lorenzo|https://dblp.org/pers/hd/l/Lorenzo:David_Di|
Fabio Schoen|https://dblp.org/pers/hd/s/Schoen:Fabio|
Vincenzo Palleschi|https://dblp.org/pers/hd/p/Palleschi:Vincenzo|
Stefano Pagnotta|https://dblp.org/pers/hd/p/Pagnotta:Stefano|
S. L. del Rosario|https://dblp.org/pers/hd/r/Rosario:S=_L=_del|
Angelo Spognardi|https://dblp.org/pers/hd/s/Spognardi:Angelo|
Francesco Buccafurri|https://dblp.org/pers/hd/b/Buccafurri:Francesco|Mediterranea University of Reggio Calabria, DIMET, Italy
Gianluca Lax|https://dblp.org/pers/hd/l/Lax:Gianluca|
Vittoria Cozza|https://dblp.org/pers/hd/c/Cozza:Vittoria|
Alessandro Tommasi|https://dblp.org/pers/hd/t/Tommasi:Alessandro|
Cesare Zavattari|https://dblp.org/pers/hd/z/Zavattari:Cesare|
Antonio Brogi|https://dblp.org/pers/hd/b/Brogi:Antonio|University of Pisa, Italy
José Carrasco|https://dblp.org/pers/hd/c/Carrasco:Jos=eacute=|
Javier Cubo|https://dblp.org/pers/hd/c/Cubo:Javier|
Francisco Durán|https://dblp.org/pers/hd/d/Dur=aacute=n:Francisco|University of Málaga, Spain
Ahmad Ibrahim 0001|https://dblp.org/pers/hd/i/Ibrahim_0001:Ahmad|University of Pisa, Italy
Ernesto Pimentel|https://dblp.org/pers/hd/p/Pimentel:Ernesto|University of Málaga, Spain
Jacopo Soldani|https://dblp.org/pers/hd/s/Soldani:Jacopo|
Pengwei Wang|https://dblp.org/pers/hd/w/Wang:PengWei|
Francesco D'Andria|https://dblp.org/pers/hd/d/D=Andria:Francesco|
Carla Vairetti|https://dblp.org/pers/hd/v/Vairetti:Carla|
Eugenio Martínez-Cámara|https://dblp.org/pers/hd/m/Mart=iacute=nez=C=aacute=mara:Eugenio|
Sebastián Maldonado|https://dblp.org/pers/hd/m/Maldonado:Sebasti=aacute=n|
M. Victoria Luzón|https://dblp.org/pers/hd/l/Luz=oacute=n:M=_Victoria|
Jesús Giráldez-Cru|https://dblp.org/pers/hd/g/Gir=aacute=ldez=Cru:Jes=uacute=s|
Manuel Chica|https://dblp.org/pers/hd/c/Chica:Manuel|
Alaiñe Iturria|https://dblp.org/pers/hd/i/Iturria:Alai=ntilde=e|
Jacinto Carrasco|https://dblp.org/pers/hd/c/Carrasco:Jacinto|
Santiago Charramendieta|https://dblp.org/pers/hd/c/Charramendieta:Santi|
Angel Conde|https://dblp.org/pers/hd/c/Conde:Angel|
Yassir Benhammou|https://dblp.org/pers/hd/b/Benhammou:Yassir|
Boujemâa Achchab|https://dblp.org/pers/hd/a/Achchab:Boujem=acirc=a|Université Hassan 1, Berrechid, Morocco
Siham Tabik|https://dblp.org/pers/hd/t/Tabik:Siham|
Huchang Liao|https://dblp.org/pers/hd/l/Liao:Huchang|
Xunjie Gou|https://dblp.org/pers/hd/g/Gou:Xunjie|
Zeshui Xu|https://dblp.org/pers/hd/x/Xu:Zeshui|
Xiao-Jun Zeng|https://dblp.org/pers/hd/z/Zeng:Xiao=Jun|
Juan Antonio Cortés-Ibáñez|https://dblp.org/pers/hd/c/Cort=eacute=s=Ib=aacute==ntilde=ez:Juan_Antonio|
José Javier Valle-Alonso|https://dblp.org/pers/hd/v/Valle=Alonso:Jos=eacute=_Javier|
Julián Luengo|https://dblp.org/pers/hd/l/Luengo:Juli=aacute=n|
Ana Valdivia|https://dblp.org/pers/hd/v/Valdivia:Ana|
Iti Chaturvedi|https://dblp.org/pers/hd/c/Chaturvedi:Iti|
Erik Cambria|https://dblp.org/pers/hd/c/Cambria:Erik|
Yew-Soon Ong|https://dblp.org/pers/hd/o/Ong:Yew=Soon|Nanyang Technological University, Singapore
Kenji Matsui|https://dblp.org/pers/hd/m/Matsui:Kenji|
Sara Rodríguez|https://dblp.org/pers/hd/r/Rodr=iacute=guez=Gonz=aacute=lez:Sara|
Diego García-Gil|https://dblp.org/pers/hd/g/Garc=iacute=a=Gil:Diego|
Johan Holmberg|https://dblp.org/pers/hd/h/Holmberg:Johan|
Ning Xiong 0001|https://dblp.org/pers/hd/x/Xiong_0001:Ning|Mälardalen University, School of Innovation Design & Engineering, Västerås, Sweden
Xiaomei Mi|https://dblp.org/pers/hd/m/Mi:Xiaomei|
Xingli Wu|https://dblp.org/pers/hd/w/Wu:Xingli|
Ming Tang|https://dblp.org/pers/hd/t/Tang:Ming|
Abdullah Al-Barakati|https://dblp.org/pers/hd/a/Al=Barakati:Abdullah|
Abdulrahman H. Altalhi|https://dblp.org/pers/hd/a/Altalhi:Abdulrahman_H=|
Danilo Valdes-Ramirez|https://dblp.org/pers/hd/v/Valdes=Ramirez:Danilo|
Miguel Angel Medina-Pérez|https://dblp.org/pers/hd/m/Medina=P=eacute=rez:Miguel_Angel|
Raúl Monroy|https://dblp.org/pers/hd/m/Monroy:Ra=uacute=l|
Octavio Loyola-González|https://dblp.org/pers/hd/l/Loyola=Gonz=aacute=lez:Octavio|
Jorge Rodríguez-Ruiz|https://dblp.org/pers/hd/r/Rodr=iacute=guez=Ruiz:Jorge|
Aythami Morales|https://dblp.org/pers/hd/m/Morales:Aythami|
Alberto Fernández 0001|https://dblp.org/pers/hd/f/Fern=aacute=ndez_0001:Alberto|University of Granada, Department of Computer Science and Artificial Intelligence, Spain
María José del Jesús|https://dblp.org/pers/hd/j/Jes=uacute=s:Mar=iacute=a_Jos=eacute=_del|
Isaac Triguero|https://dblp.org/pers/hd/t/Triguero:Isaac|
Mikel Galar|https://dblp.org/pers/hd/g/Galar:Mikel|Universidad Pública de Navarra, Spain
Jesus Para|https://dblp.org/pers/hd/p/Para:Jesus|
Antonio J. Nebro|https://dblp.org/pers/hd/n/Nebro:Antonio_J=|
Urko Zurutuza|https://dblp.org/pers/hd/z/Zurutuza:Urko|Mondragon University, Department of Electronics and Computing, Faculty of Engineering, Spain
Bingsheng Liu|https://dblp.org/pers/hd/l/Liu:Bingsheng|
Qi Zhou|https://dblp.org/pers/hd/z/Zhou:Qi|
Ru-Xi Ding|https://dblp.org/pers/hd/d/Ding:Ru=Xi|
Iván Palomares|https://dblp.org/pers/hd/p/Palomares:Iv=aacute=n|
Anabel Gómez-Ríos|https://dblp.org/pers/hd/g/G=oacute=mez=R=iacute=os:Anabel|
A. S. M. Shihavuddin|https://dblp.org/pers/hd/s/Shihavuddin:A=_S=_M=|
Bartosz Krawczyk|https://dblp.org/pers/hd/k/Krawczyk:Bartosz|
Yejun Xu|https://dblp.org/pers/hd/x/Xu:Yejun|
Miguel León Ortiz|https://dblp.org/pers/hd/o/Ortiz:Miguel_Le=oacute=n|Malardalen University, School of Innovation, Design and Engineering Vasteras, Sweden
Daniel Molina|https://dblp.org/pers/hd/m/Molina:Daniel|
Xia Liu|https://dblp.org/pers/hd/l/Liu:Xia|
Rosana Montes-Soldado|https://dblp.org/pers/hd/m/Montes:Rosana|
Yucheng Dong|https://dblp.org/pers/hd/d/Dong:Yucheng|
Saeed-Ul Hassan|https://dblp.org/pers/hd/h/Hassan:Saeed=Ul|
Hajra Waheed|https://dblp.org/pers/hd/w/Waheed:Hajra|
Naif R. Aljohani|https://dblp.org/pers/hd/a/Aljohani:Naif_R=|
Mohsen Ali|https://dblp.org/pers/hd/a/Ali:Mohsen|
Sebastián Ventura|https://dblp.org/pers/hd/v/Ventura:Sebasti=aacute=n|University of Córdoba, Spain
Francisco Luque Sánchez|https://dblp.org/pers/hd/s/S=aacute=nchez:Francisco_Luque|
Francisco Charte|https://dblp.org/pers/hd/c/Charte:Francisco|
Antonio J. Rivera|https://dblp.org/pers/hd/r/Rivera:Antonio_J=|
Alberto Castillo 0001|https://dblp.org/pers/hd/c/Castillo_0001:Alberto|University of Granada, Andalusian Research Institute in Data Science and Computational Intelligence, Granada, Spain
Francisco Pérez|https://dblp.org/pers/hd/p/P=eacute=rez:Francisco|
Roberto Olmos|https://dblp.org/pers/hd/o/Olmos:Roberto|
Emiliya Hrabova|https://dblp.org/pers/hd/h/Hrabova:Emiliya|
Luigi Troiano|https://dblp.org/pers/hd/t/Troiano:Luigi|University of Sannio, Benevento, Italy
Francisco J. Martínez de Pisón Ascacibar|https://dblp.org/pers/hd/a/Ascac=iacute=bar:Francisco_Javier_Mart=iacute=nez_de_Pis=oacute=n|
Ajith Abraham|https://dblp.org/pers/hd/a/Abraham:Ajith|Machine Intelligence Research Labs, MIR, Auburn, USA
Michal Wozniak 0001|https://dblp.org/pers/hd/w/Wozniak_0001:Michal|Wroclaw University of Science and Technology, Poland
Emilio Corchado|https://dblp.org/pers/hd/c/Corchado:Emilio|University of Burgos, Department of Civil Engineering
Ignacio Cordón|https://dblp.org/pers/hd/c/Cord=oacute=n:Ignacio|
Rui Qin|https://dblp.org/pers/hd/q/Qin:Rui|
Chenyuan Gao|https://dblp.org/pers/hd/g/Gao:Chenyuan|
Arian Hafezalkotob|https://dblp.org/pers/hd/h/Hafezalkotob:Arian|
Alberto Castillo 0001|https://dblp.org/pers/hd/l/Lamas:Alberto_Castillo|University of Granada, Andalusian Research Institute in Data Science and Computational Intelligence, Granada, Spain
Francisco Pérez-Hernández|https://dblp.org/pers/hd/p/P=eacute=rez=Hern=aacute=ndez:Francisco|
Xueqing Wang|https://dblp.org/pers/hd/w/Wang:Xueqing|
Kun Shang|https://dblp.org/pers/hd/s/Shang:Kun|
Ashkan Hafezalkotob|https://dblp.org/pers/hd/h/Hafezalkotob:Ashkan|
Cong-Cong Li|https://dblp.org/pers/hd/l/Li:Cong=Cong|
Francisco Chiclana|https://dblp.org/pers/hd/c/Chiclana:Francisco|De Montfort University, Leicester, UK
Enrique Herrera-Viedma|https://dblp.org/pers/hd/h/Herrera=Viedma:Enrique|University of Granada, Spain
Tong Wu|https://dblp.org/pers/hd/w/Wu:Tong|
Xinwang Liu|https://dblp.org/pers/hd/l/Liu:Xinwang|
Jindong Qin|https://dblp.org/pers/hd/q/Qin:Jindong|
Sheng-Tun Li|https://dblp.org/pers/hd/l/Li:Sheng=Tun|
Miguel López|https://dblp.org/pers/hd/l/L=oacute=pez:Miguel|
Zhaogang Ding|https://dblp.org/pers/hd/d/Ding:Zhaogang|
Xia Chen 0007|https://dblp.org/pers/hd/c/Chen_0007:Xia|Sichuan University, Business School, Chengdu, China
Rui Min|https://dblp.org/pers/hd/m/Min:Rui|
Ronaldo C. Prati|https://dblp.org/pers/hd/p/Prati:Ronaldo_C=|
Feng Ma|https://dblp.org/pers/hd/m/Ma:Feng|
Cristina Zuheros|https://dblp.org/pers/hd/z/Zuheros:Cristina|
David Charte|https://dblp.org/pers/hd/c/Charte:David|
Xiaoyang Zhou|https://dblp.org/pers/hd/z/Zhou:Xiaoyang|
Jiuping Xu|https://dblp.org/pers/hd/x/Xu:Jiuping|
Hamido Fujita|https://dblp.org/pers/hd/f/Fujita:Hamido|Iwate Prefectural University, Takizawa, Iwate, Japan
Wei Ni|https://dblp.org/pers/hd/n/Ni:Wei|
M. Cristina Heredia-Gómez|https://dblp.org/pers/hd/h/Heredia=G=oacute=mez:M=_Cristina|
Pedro Antonio Gutiérrez|https://dblp.org/pers/hd/g/Guti=eacute=rrez:Pedro_Antonio|University of Córdoba, Department of Computer Science and Numerical Analysis, Spain
Anastasiia Safonova|https://dblp.org/pers/hd/s/Safonova:Anastasiia|
Domingo Alcaraz-Segura|https://dblp.org/pers/hd/a/Alcaraz=Segura:Domingo|
Alexey Rubtsov|https://dblp.org/pers/hd/r/Rubtsov:Alexey|
Yuriy Maglinets|https://dblp.org/pers/hd/m/Maglinets:Yuriy|
Salma Elhag|https://dblp.org/pers/hd/e/Elhag:Salma|
Saleh Alshomrani|https://dblp.org/pers/hd/a/Alshomrani:Saleh|
Eneko Osaba|https://dblp.org/pers/hd/o/Osaba:Eneko|
Xin-She Yang 0001|https://dblp.org/pers/hd/y/Yang_0001:Xin=She|Middlesex University London, UK
Sancho Salcedo-Sanz|https://dblp.org/pers/hd/s/Salcedo=Sanz:Sancho|
David Camacho|https://dblp.org/pers/hd/c/Camacho:David|Autonomous University of Madrid, Spain
Swagatam Das|https://dblp.org/pers/hd/d/Das:Swagatam|
Ponnuthurai N. Suganthan|https://dblp.org/pers/hd/s/Suganthan:Ponnuthurai_N=|Nanyang Technological University, School of Electrical and Electronic Engineering, Singapore
Carlos A. Coello Coello|https://dblp.org/pers/hd/c/Coello:Carlos_A=_Coello|
Rosa M. Rodríguez|https://dblp.org/pers/hd/r/Rodr=iacute=guez:Rosa_M=|University of Granada, Department of Computer Science and Artifical Intelligence, Spain
Luis Martínez-López|https://dblp.org/pers/hd/m/Mart=iacute=nez=L=oacute=pez:Luis|University of Jaén, Computer Science Department, Spain
Javier Cózar|https://dblp.org/pers/hd/c/C=oacute=zar:Javier|
José A. Gámez 0001|https://dblp.org/pers/hd/g/G=aacute=mez_0001:Jos=eacute=_A=|University of Castilla-La Mancha, Spain
Leilei Chang 0001|https://dblp.org/pers/hd/c/Chang_0001:Lei=Lei|High-Tech Institute of Xi'an, Department of Management, China
Zhi-Jie Zhou|https://dblp.org/pers/hd/z/Zhou:Zhi=Jie|
Yu-Wang Chen|https://dblp.org/pers/hd/c/Chen:Yu=Wang|
Xu Tan|https://dblp.org/pers/hd/t/Tan:Xu|
Jesús Maillo|https://dblp.org/pers/hd/m/Maillo:Jes=uacute=s|
Eugenio Martínez-Cámara|https://dblp.org/pers/hd/c/C=aacute=mara:Eugenio_Mart=iacute=nez|
Nuria Rodríguez Barroso|https://dblp.org/pers/hd/b/Barroso:Nuria_Rodr=iacute=guez|
Antonio R. Moya|https://dblp.org/pers/hd/m/Moya:Antonio_R=|
José Alberto Fernández|https://dblp.org/pers/hd/f/Fern=aacute=ndez:Jos=eacute=_Alberto|
Elena Romero|https://dblp.org/pers/hd/r/Romero:Elena|
Besay Montesdeoca|https://dblp.org/pers/hd/m/Montesdeoca:Besay|
Alejandro Alcalde-Barros|https://dblp.org/pers/hd/a/Alcalde=Barros:Alejandro|
María José Basgall|https://dblp.org/pers/hd/b/Basgall:Mar=iacute=a_Jos=eacute=|
Waldo Hasperué|https://dblp.org/pers/hd/h/Hasperu=eacute=:Waldo|
Marcelo R. Naiouf|https://dblp.org/pers/hd/n/Naiouf:Marcelo_R=|
Gioele Ciaparrone|https://dblp.org/pers/hd/c/Ciaparrone:Gioele|
Roberto Tagliaferri|https://dblp.org/pers/hd/t/Tagliaferri:Roberto|
Alejandro Barredo Arrieta|https://dblp.org/pers/hd/a/Arrieta:Alejandro_Barredo|
Natalia Díaz Rodríguez|https://dblp.org/pers/hd/r/Rodr=iacute=guez:Natalia_D=iacute=az|
Adrien Bennetot|https://dblp.org/pers/hd/b/Bennetot:Adrien|
Alberto Barbado|https://dblp.org/pers/hd/b/Barbado:Alberto|
Sergio Gil-Lopez|https://dblp.org/pers/hd/g/Gil=Lopez:Sergio|
Richard Benjamins|https://dblp.org/pers/hd/b/Benjamins:Richard|
Raja Chatila 0001|https://dblp.org/pers/hd/c/Chatila_0001:Raja|Sorbonne University, Paris, France
Min Chen 0003|https://dblp.org/pers/hd/c/Chen_0003:Min|Huazhong University of Science and Technology, School of Computer Science and Technology, Wuhan, China
Kai Hwang 0001|https://dblp.org/pers/hd/h/Hwang_0001:Kai|University of Southern California, Los Angeles, CA, USA
Ziguo Fu|https://dblp.org/pers/hd/f/Fu:Ziguo|
Ana M. Sánchez|https://dblp.org/pers/hd/s/S=aacute=nchez:Ana_M=|
Deborah Galpert|https://dblp.org/pers/hd/g/Galpert:Deborah|
Agostinho Antunes|https://dblp.org/pers/hd/a/Antunes:Agostinho|
Reinaldo Molina Ruiz|https://dblp.org/pers/hd/r/Ruiz:Reinaldo_Molina|
Guillermín Agüero-Chapín|https://dblp.org/pers/hd/a/Ag=uuml=ero=Chap=iacute=n:Guillerm=iacute=n|
Alejandro Rosales-Pérez|https://dblp.org/pers/hd/r/Rosales=P=eacute=rez:Alejandro|
Hugo Terashima-Marín|https://dblp.org/pers/hd/t/Terashima=Mar=iacute=n:Hugo|
Antonio LaTorre|https://dblp.org/pers/hd/l/LaTorre:Antonio|Universidad Politécnica de Madrid
Sergio Ramírez-Gallego|https://dblp.org/pers/hd/r/Ram=iacute=rez=Gallego:Sergio|
Antonio-Francisco Roldán-López-de-Hierro|https://dblp.org/pers/hd/r/Rold=aacute=n=L=oacute=pez=de=Hierro:Antonio=Francisco|
Concepción Roldán|https://dblp.org/pers/hd/r/Rold=aacute=n:Concepci=oacute=n|
Francisco Padillo|https://dblp.org/pers/hd/p/Padillo:Francisco|
José María Luna|https://dblp.org/pers/hd/l/Luna:Jos=eacute=_Mar=iacute=a|
José M. Merigó|https://dblp.org/pers/hd/m/Merig=oacute=:Jos=eacute=_M=|University of Chile, Santiago, Chile
Daniel Peralta|https://dblp.org/pers/hd/p/Peralta:Daniel|
Yvan Saeys|https://dblp.org/pers/hd/s/Saeys:Yvan|
Zhongliang Zhang|https://dblp.org/pers/hd/z/Zhang:Zhongliang|
Xinggang Luo|https://dblp.org/pers/hd/l/Luo:Xinggang|
Francisco Javier Cabrerizo|https://dblp.org/pers/hd/c/Cabrerizo:Francisco_Javier|National University of Distance Education (UNED), Madrid, Department of Software Engineering and Computer Systems
Min Chen|https://dblp.org/pers/hd/c/Chen:Min|
Roy E. Welsch|https://dblp.org/pers/hd/w/Welsch:Roy_E=|
Luis Martínez|https://dblp.org/pers/hd/m/Mart=iacute=nez:Luis|
Sarah Vluymans|https://dblp.org/pers/hd/v/Vluymans:Sarah|
Chris Cornelis|https://dblp.org/pers/hd/c/Cornelis:Chris|
Nitesh V. Chawla|https://dblp.org/pers/hd/c/Chawla:Nitesh_V=|University of Notre Dame, USA
Cristóbal J. Carmona|https://dblp.org/pers/hd/c/Carmona:Crist=oacute=bal_J=|University of Burgos, Spain
María José del Jesús|https://dblp.org/pers/hd/j/Jesus:M=_J=_del|
Seong-O Shim|https://dblp.org/pers/hd/s/Shim:Seong=O|
Xuedong Liang|https://dblp.org/pers/hd/l/Liang:Xuedong|
Jian-Bo Yang|https://dblp.org/pers/hd/y/Yang:Jian=Bo|The University of Manchester, Manchester, UK
Dong-Ling Xu|https://dblp.org/pers/hd/x/Xu:Dong=Ling|
D. Martín|https://dblp.org/pers/hd/m/Mart=iacute=n:D=|
María Martínez-Ballesteros|https://dblp.org/pers/hd/m/Mart=iacute=nez=Ballesteros:Mar=iacute=a|
José Cristóbal Riquelme Santos|https://dblp.org/pers/hd/s/Santos:Jos=eacute=_Crist=oacute=bal_Riquelme|University of Seville, Spain
Humberto Bustince|https://dblp.org/pers/hd/b/Bustince:Humberto|Public University of Navarra, Department of Automation and Computing
Francisco Javier Baldan|https://dblp.org/pers/hd/b/Baldan:Francisco_Javier|
Christoph Bergmeir|https://dblp.org/pers/hd/b/Bergmeir:Christoph|
Héctor Mouriño-Talín|https://dblp.org/pers/hd/m/Mouri=ntilde=o=Tal=iacute=n:H=eacute=ctor|
David Martínez-Rego|https://dblp.org/pers/hd/m/Mart=iacute=nez=Rego:David|
Verónica Bolón-Canedo|https://dblp.org/pers/hd/b/Bol=oacute=n=Canedo:Ver=oacute=nica|
Amparo Alonso-Betanzos|https://dblp.org/pers/hd/a/Alonso=Betanzos:Amparo|University of A Coruña, Spain
Andres Jesus Sanchez|https://dblp.org/pers/hd/s/Sanchez:Andres_Jesus|
Luis F. Romero|https://dblp.org/pers/hd/r/Romero:Luis_Felipe|
Andrés Eduardo Gutiérrez-Rodríguez|https://dblp.org/pers/hd/g/Guti=eacute=rrez=Rodr=iacute=guez:Andr=eacute=s_Eduardo|
Julián Muñoz-Ordóñez|https://dblp.org/pers/hd/m/Mu=ntilde=oz=Ord=oacute==ntilde=ez:Juli=aacute=n|
Carlos Cobos|https://dblp.org/pers/hd/c/Cobos:Carlos|University of Cauca, Popayán, Colombia
Martha Mendoza|https://dblp.org/pers/hd/m/Mendoza:Martha|
Jeovani Morales|https://dblp.org/pers/hd/m/Morales:Jeovani|
Noe Zermeño|https://dblp.org/pers/hd/z/Zerme=ntilde=o:Noe|
Jeronimo Duran|https://dblp.org/pers/hd/d/Duran:Jeronimo|
Dánel Sánchez Tarragó|https://dblp.org/pers/hd/t/Tarrag=oacute=:D=aacute=nel_S=aacute=nchez|
Sergio Damas|https://dblp.org/pers/hd/d/Damas:Sergio|
Sergio Alonso|https://dblp.org/pers/hd/a/Alonso:Sergio|
Alicia Troncoso Lora|https://dblp.org/pers/hd/t/Troncoso:Alicia|Pablo de Olavide University, Sevilla, Spain
Juan-Luis Suárez|https://dblp.org/pers/hd/s/Su=aacute=rez:Juan=Luis|
Sara del Río|https://dblp.org/pers/hd/r/R=iacute=o:Sara_del|
Abdullah Bawakid|https://dblp.org/pers/hd/b/Bawakid:Abdullah|
Bruno Siciliano|https://dblp.org/pers/hd/s/Siciliano:Bruno|University of Naples Federico II, Italy
Andrés Herrera-Poyatos|https://dblp.org/pers/hd/h/Herrera=Poyatos:Andr=eacute=s|
Jose M. Moyano|https://dblp.org/pers/hd/m/Moyano:Jose_M=|University of Cordoba, Spain
Luciano Sánchez|https://dblp.org/pers/hd/s/S=aacute=nchez:Luciano|
José Miguel Puerta|https://dblp.org/pers/hd/p/Puerta:Jos=eacute=_Miguel|
Iago Lastra|https://dblp.org/pers/hd/l/Lastra:Iago|
Edurne Barrenechea Tartas|https://dblp.org/pers/hd/b/Barrenechea:Edurne|
Lisheng Jiang|https://dblp.org/pers/hd/j/Jiang:Lisheng|
José Cristóbal Riquelme Santos|https://dblp.org/pers/hd/r/Riquelme:Jos=eacute=_C=|University of Seville, Spain
Jiafu Tang|https://dblp.org/pers/hd/t/Tang:Jiafu|
Pablo David Gutiérrez|https://dblp.org/pers/hd/g/Guti=eacute=rrez:Pablo_David|
Miguel Lastra|https://dblp.org/pers/hd/l/Lastra:Miguel|
Marcelino Lázaro|https://dblp.org/pers/hd/l/L=aacute=zaro:Marcelino|
Aníbal R. Figueiras-Vidal|https://dblp.org/pers/hd/f/Figueiras=Vidal:An=iacute=bal_R=|
Emilio Guirado|https://dblp.org/pers/hd/g/Guirado:Emilio|
Javier Cabello|https://dblp.org/pers/hd/c/Cabello:Javier|
Carlos García-Martínez|https://dblp.org/pers/hd/g/Garc=iacute=a=Mart=iacute=nez:Carlos|
Manuel Lozano 0001|https://dblp.org/pers/hd/l/Lozano_0001:Manuel|University of Granada, Department of Computer Science and Artificial Intelligence, Spain
Jesus A. Gonzalez|https://dblp.org/pers/hd/g/Gonzalez:Jesus_A=|National Institute of Astrophysics, Optics and ElectronicsPueblaMexico
Jie Lu 0001|https://dblp.org/pers/hd/l/Lu_0001:Jie|University of Technology Sydney, Faculty of Engineering and Information Technology, Australia
Guangquan Zhang 0001|https://dblp.org/pers/hd/z/Zhang_0001:Guangquan|University of Technology Sydney, Faculty of Engineering and Information Technology, Centre for Artificial Intelligence, NSW, Australia
Francisco Moreno-Garcia|https://dblp.org/pers/hd/m/Moreno=Garcia:Francisco|
Eva Almansa|https://dblp.org/pers/hd/a/Almansa:Eva|
Miguel Ángel Rodríguez|https://dblp.org/pers/hd/r/Rodr=iacute=guez:Miguel_=Aacute=ngel|
Antonio Peregrín|https://dblp.org/pers/hd/p/Peregr=iacute=n:Antonio|University of Huelva, Department of Information Technologies
María del Mar Rueda|https://dblp.org/pers/hd/r/Rueda:Mar=iacute=a_del_Mar|
Faruk Mustafic|https://dblp.org/pers/hd/m/Mustafic:Faruk|
Rafael Bello|https://dblp.org/pers/hd/b/Bello:Rafael|
Amelia Zafra|https://dblp.org/pers/hd/z/Zafra:Amelia|
Nele Verbiest|https://dblp.org/pers/hd/v/Verbiest:Nele|
Joaquín Derrac|https://dblp.org/pers/hd/d/Derrac:Joaqu=iacute=n|
Lukasz Jelen|https://dblp.org/pers/hd/j/Jelen:Lukasz|
Enislay Ramentol|https://dblp.org/pers/hd/r/Ramentol:Enislay|
I. Gondres|https://dblp.org/pers/hd/g/Gondres:I=|
S. Lajes|https://dblp.org/pers/hd/l/Lajes:S=|
Yailé Caballero Mota|https://dblp.org/pers/hd/c/Caballero:Yaile|
Mikel Elkano|https://dblp.org/pers/hd/e/Elkano:Mikel|
José Antonio Sanz|https://dblp.org/pers/hd/s/Sanz:Jos=eacute=_Antonio|Universidad Publica de Navarra, Pamplona, Spain
José A. Sáez|https://dblp.org/pers/hd/s/S=aacute=ez:Jos=eacute=_A=|
Benjamín R. C. Bedregal|https://dblp.org/pers/hd/b/Bedregal:Benjam=iacute=n_R=_C=|Federal University of Rio Grande do Norte (UFRN), Department of Informatics and Applied Mathematics
Bahram Farhadinia|https://dblp.org/pers/hd/f/Farhadinia:Bahram|Quchan University of Technology, Department of Mathematics, Iran
Cengiz Kahraman|https://dblp.org/pers/hd/k/Kahraman:Cengiz|
Vicenç Torra|https://dblp.org/pers/hd/t/Torra:Vicen=ccedil=|Maynooth University, Ireland
Y. J. Xu|https://dblp.org/pers/hd/x/Xu:Y=_J=|
Huimin Wang|https://dblp.org/pers/hd/w/Wang:Huimin|
Alejandro Rosete|https://dblp.org/pers/hd/r/Rosete:Alejandro|
Benjamin Lacroix|https://dblp.org/pers/hd/l/Lacroix:Benjamin|
Jaume Bacardit|https://dblp.org/pers/hd/b/Bacardit:Jaume|
Lei Chen|https://dblp.org/pers/hd/c/Chen:Lei|
Miguel Pagola|https://dblp.org/pers/hd/p/Pagola:Miguel|
Javier Fernández 0002|https://dblp.org/pers/hd/f/Fern=aacute=ndez_0002:Javier|Public University of Navarra, Department of Automatica y Computacion, Pamplona, Spain
Javier Montero|https://dblp.org/pers/hd/m/Montero:Javier|
Bernard De Baets|https://dblp.org/pers/hd/b/Baets:Bernard_De|
Jerry M. Mendel|https://dblp.org/pers/hd/m/Mendel:Jerry_M=|University of Southern California, Los Angeles, USA
Zheng Yan 0002|https://dblp.org/pers/hd/y/Yan_0002:Zheng|Xidian University, School of Cyber Engineering, State Key Laboratory on Integrated Services Networks, Xi'an, China
Jun Liu 0002|https://dblp.org/pers/hd/l/Liu_0002:Jun|Xi'an Jiaotong University, School of Electronic and Information Engineering, SPKLSTN Lab, Xi'an, China
Robert H. Deng|https://dblp.org/pers/hd/d/Deng:Robert_H=|
D. Merino|https://dblp.org/pers/hd/m/Merino:D=|
Carlos Camacho-Gómez|https://dblp.org/pers/hd/c/Camacho=G=oacute=mez:Carlos|
Yigen Zenlander|https://dblp.org/pers/hd/z/Zenlander:Yigen|
Ana M. Sánchez|https://dblp.org/pers/hd/s/S=aacute=nchez:Ana_Maria|
Pablo Morales-Alvarez|https://dblp.org/pers/hd/m/Morales=Alvarez:Pablo|
Victoria López|https://dblp.org/pers/hd/l/L=oacute=pez:Victoria|
Jerzy Stefanowski|https://dblp.org/pers/hd/s/Stefanowski:Jerzy|Poznan University of Technology, Poland
Jesús Carabaño|https://dblp.org/pers/hd/c/Caraba=ntilde=o:Jes=uacute=s|
Daniel Paternain|https://dblp.org/pers/hd/p/Paternain:Daniel|
Carlos Lopez-Molina|https://dblp.org/pers/hd/l/Lopez=Molina:Carlos|
Edurne Barrenechea Tartas|https://dblp.org/pers/hd/t/Tartas:Edurne_Barrenechea|
Humberto Bustince|https://dblp.org/pers/hd/s/Sola:Humberto_Bustince|Public University of Navarra, Department of Automation and Computing
Luís Paulo F. Garcia|https://dblp.org/pers/hd/g/Garcia:Lu=iacute=s_Paulo_F=|University of Sao Paulo, Brazil
Ana Carolina Lorena|https://dblp.org/pers/hd/l/Lorena:Ana_Carolina|
André C. P. L. F. de Carvalho|https://dblp.org/pers/hd/c/Carvalho:Andr=eacute=_C=_P=_L=_F=_de|University of São Paulo, Department of Computer Science, Brazil
Antonio J. Rivera|https://dblp.org/pers/hd/r/Rivera:Antonio_Jes=uacute=s|
Oscar Miguel-Hurtado|https://dblp.org/pers/hd/m/Miguel=Hurtado:Oscar|
Iván Palomares|https://dblp.org/pers/hd/p/Palomares:Ivan|
Francisco J. Estrella|https://dblp.org/pers/hd/e/Estrella:Francisco_J=|
Diana Martín Rodríguez|https://dblp.org/pers/hd/r/Rodr=iacute=guez:Diana_Mart=iacute=n|
Macarena Espinilla|https://dblp.org/pers/hd/e/Espinilla:Macarena|University of Jaén, Department of Computer Science
Noelia Sánchez-Maroño|https://dblp.org/pers/hd/s/S=aacute=nchez=Maro=ntilde=o:Noelia|
Lala Septem Riza|https://dblp.org/pers/hd/r/Riza:Lala_Septem|
Andrzej Janusz|https://dblp.org/pers/hd/j/Janusz:Andrzej|
Dominik Slezak|https://dblp.org/pers/hd/s/Slezak:Dominik|University of Warsaw, Institute of Informatics, Poland
Sheldon Hui|https://dblp.org/pers/hd/h/Hui:Sheldon|
Ponnuthurai N. Suganthan|https://dblp.org/pers/hd/s/Suganthan:Ponnuthurai_Nagaratnam|Nanyang Technological University, School of Electrical and Electronic Engineering, Singapore
Raul Sánchez-Reillo|https://dblp.org/pers/hd/s/S=aacute=nchez=Reillo:Raul|Charles III University of Madrid, Spain
Nicolás Robinson-García|https://dblp.org/pers/hd/r/Robinson=Garc=iacute=a:Nicol=aacute=s|TU Delft, DIAM, The Netherlands
Daniel Torres-Salinas|https://dblp.org/pers/hd/t/Torres=Salinas:Daniel|
Emilio Delgado López-Cózar|https://dblp.org/pers/hd/l/L=oacute=pez=C=oacute=zar:Emilio_Delgado|University of Granada, Spain
Pedro González 0001|https://dblp.org/pers/hd/g/Gonz=aacute=lez_0001:Pedro|University of Jaén, Department of Computer Science, Spain
Antonio J. Rivera|https://dblp.org/pers/hd/r/Rivas:Antonio_Jes=uacute=s_Rivera|
Vasile Palade|https://dblp.org/pers/hd/p/Palade:Vasile|University of Oxford, UK
Evaristo Jiménez-Contreras|https://dblp.org/pers/hd/j/Jim=eacute=nez=Contreras:Evaristo|
José A. Sáez|https://dblp.org/pers/hd/s/S=aacute=ez:Jos=eacute=_Antonio|
Amilkar Puris|https://dblp.org/pers/hd/p/Puris:Amilkar|
Lorna Uden|https://dblp.org/pers/hd/u/Uden:Lorna|
Javier Bajo|https://dblp.org/pers/hd/p/P=eacute=rez:Javier_Bajo|Technical University of Madrid, Spain
Juan M. Corchado|https://dblp.org/pers/hd/r/Rodr=iacute=guez:Juan_M=_Corchado|University of Salamanca, Spain
Jose G. Moreno-Torres|https://dblp.org/pers/hd/m/Moreno=Torres:Jose_G=|
Ramón Alberto Carrasco|https://dblp.org/pers/hd/c/Carrasco:Ram=oacute=n_Alberto|
Manuel J. Cobo|https://dblp.org/pers/hd/c/Cobo:Manuel_J=|University of Cádiz, Algeciras, Spain
Antonio Gabriel López-Herrera|https://dblp.org/pers/hd/l/L=oacute=pez=Herrera:Antonio_Gabriel|
Elena Pérez|https://dblp.org/pers/hd/p/P=eacute=rez:Elena|
Marta Posada|https://dblp.org/pers/hd/p/Posada:Marta|
Nicolás García-Pedrajas|https://dblp.org/pers/hd/g/Garc=iacute=a=Pedrajas:Nicol=aacute=s|
Cesar Analide|https://dblp.org/pers/hd/a/Analide:Cesar|University of Minho, Braga, Portugal
Troy Raeder|https://dblp.org/pers/hd/r/Raeder:Troy|
Rocío Alaíz-Rodríguez|https://dblp.org/pers/hd/a/Ala=iacute=z=Rodr=iacute=guez:Roc=iacute=o|
Jose A. García 0001|https://dblp.org/pers/hd/g/Garc=iacute=a_0001:Jose_A=|University of Granada, Spain
Rosa Rodriguez-Sánchez|https://dblp.org/pers/hd/r/Rodriguez=S=aacute=nchez:Rosa|
Joaquín Fernández-Valdivia|https://dblp.org/pers/hd/f/Fdez=Valdivia:J=|
Jesús Marín|https://dblp.org/pers/hd/m/Mar=iacute=n:Jes=uacute=s|
Radko Mesiar|https://dblp.org/pers/hd/m/Mesiar:Radko|
Eyke Hüllermeier|https://dblp.org/pers/hd/h/H=uuml=llermeier:Eyke|Paderborn University, Germany
Colin Fyfe|https://dblp.org/pers/hd/f/Fyfe:Colin|
Antonio Brugos|https://dblp.org/pers/hd/b/Brugos:Antonio|
Ignacio J. Pérez|https://dblp.org/pers/hd/p/P=eacute=rez:Ignacio_J=|
María Calderón|https://dblp.org/pers/hd/c/Calder=oacute=n:Mar=iacute=a|
Nicolò Flugy Papè|https://dblp.org/pers/hd/p/Pap=egrave=:Nicol=ograve=_Flugy|
Andrea Bonarini|https://dblp.org/pers/hd/b/Bonarini:Andrea|
Da Ruan 0001|https://dblp.org/pers/hd/r/Ruan_0001:Da|Hasselt University, Transportation Research Institute, Diepenbeek, Belgium
Ester Bernadó-Mansilla|https://dblp.org/pers/hd/b/Bernad=oacute==Mansilla:Ester|
Pedro G. Espejo|https://dblp.org/pers/hd/e/Espejo:Pedro_G=|
Moonis Ali|https://dblp.org/pers/hd/a/Ali:Moonis|
Cristóbal Romero|https://dblp.org/pers/hd/r/Romero:Crist=oacute=bal|University of Córdoba, Spain
Fatos Xhafa|https://dblp.org/pers/hd/x/Xhafa:Fatos|Polytechnic University of Catalonia, Barcelona, Spain
Mario Köppen|https://dblp.org/pers/hd/k/K=ouml=ppen:Mario|
Rafael Bailón-Moreno|https://dblp.org/pers/hd/b/Bail=oacute=n=Moreno:Rafael|
Paul P. Wang|https://dblp.org/pers/hd/w/Wang:Paul_P=|
Pedro J. Sánchez|https://dblp.org/pers/hd/s/S=aacute=nchez:Pedro_J=|
Josep Maria Garrell i Guiu|https://dblp.org/pers/hd/g/Guiu:Josep_Maria_Garrell_i|
Víctor Manuel Rivas Santos|https://dblp.org/pers/hd/r/Rivas:V=iacute=ctor_M=|
Juan Carlos Fernández 0001|https://dblp.org/pers/hd/f/Fern=aacute=ndez_0001:Juan_Carlos|University of Córdoba, Department of Computer Science and Numerical Analysis, Spain
M. Dolores Pérez-Godoy|https://dblp.org/pers/hd/p/P=eacute=rez=Godoy:M=_Dolores|
Aboul Ella Hassanien|https://dblp.org/pers/hd/h/Hassanien:Aboul_Ella|Cairo University, Giza, Egypt
Carlos Porcel|https://dblp.org/pers/hd/p/Porcel:Carlos|
Rocío Romero-Záliz|https://dblp.org/pers/hd/r/Romero=Z=aacute=liz:Roc=iacute=o|
Cristina Rubio-Escudero|https://dblp.org/pers/hd/r/Rubio=Escudero:Cristina|
J. P. Cobb|https://dblp.org/pers/hd/c/Cobb:J=_P=|
R. Pérez|https://dblp.org/pers/hd/p/P=eacute=rez:R=|
Francisco Alfredo Márquez|https://dblp.org/pers/hd/m/M=aacute=rquez:Francisco_Alfredo|University of Huelva, Department of Information Technologies
Mikel Mesonero|https://dblp.org/pers/hd/m/Mesonero:Mikel|
Jose Joaquin Aguilera|https://dblp.org/pers/hd/a/Aguilera:Jose_Joaquin|
Adel M. Alimi|https://dblp.org/pers/hd/a/Alimi:Adel_M=|
Iñaki Fernández de Viana|https://dblp.org/pers/hd/v/Viana:I=ntilde=aki_Fern=aacute=ndez_de|
Jun Liu 0001|https://dblp.org/pers/hd/l/Liu_0001:Jun|University of Ulster, Jordanstown, UK
Natalio Krasnogor|https://dblp.org/pers/hd/k/Krasnogor:Natalio|
María Luque|https://dblp.org/pers/hd/l/Luque:Mar=iacute=a|
Fernando A. C. Gomide|https://dblp.org/pers/hd/g/Gomide:Fernando_A=_C=|University of Campinas, Department of Computer Engineering and Automation
Frank Hoffmann 0001|https://dblp.org/pers/hd/h/Hoffmann_0001:Frank|TU Dortmund, Institute of Control Theory and Systems Engineering, Germany
Luis Magdalena|https://dblp.org/pers/hd/m/Magdalena:Luis|European Centre for Soft Computing
Juan Carlos Herrera|https://dblp.org/pers/hd/h/Herrera:Juan_Carlos|
Miguel Delgado|https://dblp.org/pers/hd/d/Delgado:Miguel|
János C. Fodor|https://dblp.org/pers/hd/f/Fodor:J=aacute=nos_C=|
Cesáreo Hernández-Iglesias|https://dblp.org/pers/hd/h/Hern=aacute=ndez=Iglesias:Ces=aacute=reo|
Brian Carse|https://dblp.org/pers/hd/c/Carse:Brian|
Anthony G. Pipe|https://dblp.org/pers/hd/p/Pipe:Anthony_G=|
Ingo Renners|https://dblp.org/pers/hd/r/Renners:Ingo|
Adolf Grauel|https://dblp.org/pers/hd/g/Grauel:Adolf|
Antonio F. Skarmeta|https://dblp.org/pers/hd/g/G=oacute=mez=Skarmeta:Antonio_Fernandez|University of Murcia, Department of Information and Communication Engineering
Fernando Jiménez|https://dblp.org/pers/hd/j/Jim=eacute=nez:Fernando|
Gracia Sánchez|https://dblp.org/pers/hd/s/S=aacute=nchez:Gracia|
Igor Walter|https://dblp.org/pers/hd/w/Walter:Igor|
Antonio González Muñoz|https://dblp.org/pers/hd/m/Mu=ntilde=oz:Antonio_Gonz=aacute=lez|University of Granada, Department of Computer Science and Artificial Ingelligence, Spain
Enrique López|https://dblp.org/pers/hd/l/L=oacute=pez:Enrique|
Maria J. Martín-Bautista|https://dblp.org/pers/hd/m/Mart=iacute=n=Bautista:Maria_J=|University of Granada, Department of Computer Science and Artificial Intelligence
M. Amparo Vila|https://dblp.org/pers/hd/m/Miranda:Mar=iacute=a_Amparo_Vila|University of Granada, Department of Computer Science and Artificial Intelligence
J. de la Montaña|https://dblp.org/pers/hd/m/Monta=ntilde=a:J=_de_la|
Cristina Mendaña|https://dblp.org/pers/hd/m/Menda=ntilde=a:Cristina|
Juan Julián Merelo Guervós|https://dblp.org/pers/hd/g/Guerv=oacute=s:Juan_Juli=aacute=n_Merelo|University of Granada, Department of Computer Architecture and Technology, Spain
M. Navío|https://dblp.org/pers/hd/n/Nav=iacute=o:M=|
R. González|https://dblp.org/pers/hd/g/Gonz=aacute=lez:R=|
C. Iríbar|https://dblp.org/pers/hd/i/Ir=iacute=bar:C=|
Claudio Moraga|https://dblp.org/pers/hd/m/Moraga:Claudio|Technical University of Dortmund, Germany
José L. Verdegay|https://dblp.org/pers/hd/v/Verdegay:Jos=eacute=_L=|University of Granada, Spain
Juan Luis Castro|https://dblp.org/pers/hd/c/Castro:Juan_Luis|
Margit Kovács|https://dblp.org/pers/hd/k/Kov=aacute=cs:Margit|University of Eötvös Loránd, Budapest, Hungary
Abdullah Khan|https://dblp.org/pers/hd/k/Khan:Abdullah|
Luciano Serafini|https://dblp.org/pers/hd/s/Serafini:Luciano|
Loris Bozzato|https://dblp.org/pers/hd/b/Bozzato:Loris|
Michela Dalle Mura|https://dblp.org/pers/hd/m/Mura:Michela_Dalle|
Gino Dini|https://dblp.org/pers/hd/d/Dini:Gino|
Giovanna Castellano|https://dblp.org/pers/hd/c/Castellano:Giovanna|
Anna Maria Fanelli|https://dblp.org/pers/hd/f/Fanelli:Anna_Maria|
Maria Alessandra Torsello|https://dblp.org/pers/hd/t/Torsello:Maria_Alessandra|
Witold Pedrycz|https://dblp.org/pers/hd/p/Pedrycz:Witold|University of Alberta, Edmonton, Canada
Elena Bernasconi|https://dblp.org/pers/hd/b/Bernasconi:Elena|
Franco Filippi|https://dblp.org/pers/hd/f/Filippi:Franco|
Benedetta Niccolini|https://dblp.org/pers/hd/n/Niccolini:Benedetta|
Gianluca Petronella|https://dblp.org/pers/hd/p/Petronella:Gianluca|
Alessandro Ciaramella|https://dblp.org/pers/hd/c/Ciaramella:Alessandro|
Lusine Mkrtchyan|https://dblp.org/pers/hd/m/Mkrtchyan:Lusine|
Alessio Botta|https://dblp.org/pers/hd/b/Botta:Alessio|
Paolo Corsini|https://dblp.org/pers/hd/c/Corsini:Paolo|University of Pisa, Italy
Giovanni Marola|https://dblp.org/pers/hd/m/Marola:Giovanni|
Simone Galigani|https://dblp.org/pers/hd/g/Galigani:Simone|
Laura De Dosso|https://dblp.org/pers/hd/d/Dosso:Laura_De|
Adriana Maggiore|https://dblp.org/pers/hd/m/Maggiore:Adriana|
Dumitru Dumitrescu|https://dblp.org/pers/hd/d/Dumitrescu:D=|
Leonardo Maria Reyneri|https://dblp.org/pers/hd/r/Reyneri:Leonardo_Maria|
Dumitru Dumitrescu|https://dblp.org/pers/hd/d/Dumitrescu:Dumitru|
Giovanni Pioggia|https://dblp.org/pers/hd/p/Pioggia:Giovanni|
Marcello Chiaberge|https://dblp.org/pers/hd/c/Chiaberge:Marcello|
G. Di Bene|https://dblp.org/pers/hd/b/Bene:G=_Di|
S. Di Pascoli|https://dblp.org/pers/hd/p/Pascoli:S=_Di|
R. Lambert|https://dblp.org/pers/hd/l/Lambert:R=|
Paolo Ancilotti|https://dblp.org/pers/hd/a/Ancilotti:Paolo|
Maurizio Sacchi|https://dblp.org/pers/hd/s/Sacchi:Maurizio|
Lanfranco Lopriore|https://dblp.org/pers/hd/l/Lopriore:Lanfranco|University of Pisa, Italy
Alessandro Bondielli|https://dblp.org/pers/hd/b/Bondielli:Alessandro|
Hend Amraoui|https://dblp.org/pers/hd/a/Amraoui:Hend|
Mourad Elloumi|https://dblp.org/pers/hd/e/Elloumi:Mourad|
Faouzi Mhamdi|https://dblp.org/pers/hd/m/Mhamdi:Faouzi|
Davide Verzotto|https://dblp.org/pers/hd/v/Verzotto:Davide|University of Pisa, Italy
Luis de la Ossa|https://dblp.org/pers/hd/o/Ossa:Luis_de_la|University of Castilla-La Mancha, Spain
Claudia d'Amato|https://dblp.org/pers/hd/d/d=Amato:Claudia|University of Bari Aldo Moro, Italy
Rudi Studer|https://dblp.org/pers/hd/s/Studer:Rudi|Karlsruhe Institute of Technology, Germany
Gloria Ciavarrini|https://dblp.org/pers/hd/c/Ciavarrini:Gloria|
Alessio Vecchio|https://dblp.org/pers/hd/v/Vecchio:Alessio|
Swaytha Sasidharan|https://dblp.org/pers/hd/s/Sasidharan:Swaytha|
Roberto López-Valcarce|https://dblp.org/pers/hd/l/L=oacute=pez=Valcarce:Roberto|
Krzysztof J. Cios|https://dblp.org/pers/hd/c/Cios:Krzysztof_J=|Virginia Commonwealth University, Richmond, VA, USA
Eva Lucrecia Gibaja Galindo|https://dblp.org/pers/hd/g/Galindo:Eva_Lucrecia_Gibaja|
Umberto Straccia|https://dblp.org/pers/hd/s/Straccia:Umberto|National Research Council, Italy
Silvio Croce|https://dblp.org/pers/hd/c/Croce:Silvio|
Mehmet Aksit|https://dblp.org/pers/hd/a/Aksit:Mehmet|University of Twente, Enschede, Netherlands
Bedir Tekinerdogan|https://dblp.org/pers/hd/t/Tekinerdogan:Bedir|
Klaas van den Berg|https://dblp.org/pers/hd/b/Berg:Klaas_van_den|
Pim van den Broek|https://dblp.org/pers/hd/b/Broek:Pim_van_den|
Laura Sani|https://dblp.org/pers/hd/s/Sani:Laura|
Monica Mordonini|https://dblp.org/pers/hd/m/Mordonini:Monica|
Stefano Cagnoni|https://dblp.org/pers/hd/c/Cagnoni:Stefano|University of Parma
Armando Vannucci|https://dblp.org/pers/hd/v/Vannucci:Armando|
Giulio Colavolpe|https://dblp.org/pers/hd/c/Colavolpe:Giulio|University of Parma, Italy
Andrea Roli|https://dblp.org/pers/hd/r/Roli:Andrea|
Marco Villani|https://dblp.org/pers/hd/v/Villani:Marco|
Michele Amoretti|https://dblp.org/pers/hd/a/Amoretti:Michele|
Roberto Serra|https://dblp.org/pers/hd/s/Serra:Roberto|
Gianluca D'Addese|https://dblp.org/pers/hd/d/D=Addese:Gianluca|
Gianfranco Lombardo|https://dblp.org/pers/hd/l/Lombardo:Gianfranco|
Paolo Fornacciari|https://dblp.org/pers/hd/f/Fornacciari:Paolo|
Emilio Vicari|https://dblp.org/pers/hd/v/Vicari:Emilio|
Marco Calabretta|https://dblp.org/pers/hd/c/Calabretta:Marco|
Alberto Bononi|https://dblp.org/pers/hd/b/Bononi:Alberto|
Gianluigi Silvestri|https://dblp.org/pers/hd/s/Silvestri:Gianluigi|
Mahmoud Barhamgi|https://dblp.org/pers/hd/b/Barhamgi:Mahmoud|LIRS Lyon, France
Arosha K. Bandara|https://dblp.org/pers/hd/b/Bandara:Arosha_K=|
Muhammad Ajmal|https://dblp.org/pers/hd/a/Ajmal:Muhammad|
Blaine A. Price|https://dblp.org/pers/hd/p/Price:Blaine_A=|The Open University, UK
Bashar Nuseibeh|https://dblp.org/pers/hd/n/Nuseibeh:Bashar|
Balkis Abidi|https://dblp.org/pers/hd/a/Abidi:Balkis|
Sadok Ben Yahia|https://dblp.org/pers/hd/y/Yahia:Sadok_Ben|
Chia-Mu Yu|https://dblp.org/pers/hd/y/Yu:Chia=Mu|
Djamal Benslimane|https://dblp.org/pers/hd/b/Benslimane:Djamal|LIRS Lyon, France
Christine Bonnet|https://dblp.org/pers/hd/b/Bonnet:Christine|
Gaby Bou Tayeh|https://dblp.org/pers/hd/t/Tayeh:Gaby_Bou|
Abdallah Makhoul|https://dblp.org/pers/hd/m/Makhoul:Abdallah|
Jacques Demerjian|https://dblp.org/pers/hd/d/Demerjian:Jacques|
Nader Sohrabi Safa|https://dblp.org/pers/hd/s/Safa:Nader_Sohrabi|
Carsten Maple|https://dblp.org/pers/hd/m/Maple:Carsten|University of Warwick, Cyber Security Centre (CSC)
Steven Furnell|https://dblp.org/pers/hd/f/Furnell:Steven|Plymouth University, Centre for Security, Communications and Network Research
Muhammad Ajmal Azad|https://dblp.org/pers/hd/a/Azad:Muhammad_Ajmal|
Mohammad Dabbagh|https://dblp.org/pers/hd/d/Dabbagh:Mohammad|
Mehdi Sookhak|https://dblp.org/pers/hd/s/Sookhak:Mehdi|
Muhammad Habib Ur Rehman|https://dblp.org/pers/hd/r/Rehman:Muhammad_Habib_Ur|
Ibrar Yaqoob|https://dblp.org/pers/hd/y/Yaqoob:Ibrar|
Khaled Salah|https://dblp.org/pers/hd/s/Salah:Khaled|King Fahd University of Petroleum and Minerals, Dhahran, Saudi Arabia
Muhammad Imran 0001|https://dblp.org/pers/hd/i/Imran_0001:Muhammad|King Saud University, Riyadh, Saudi Arabia
Prem Prakash Jayaraman|https://dblp.org/pers/hd/j/Jayaraman:Prem_Prakash|
Chen Xu 0002|https://dblp.org/pers/hd/x/Xu_0002:Chen|North China Electric Power University, School of Electrical and Electronic Engineering, Beijing, China
Junhao Feng|https://dblp.org/pers/hd/f/Feng:Junhao|
Zhenyu Zhou|https://dblp.org/pers/hd/z/Zhou:Zhenyu|
Jun Wu 0001|https://dblp.org/pers/hd/w/Wu_0001:Jun|Shanghai Jiao Tong University, Shanghai Key Laboratory of Integrated Administration Technologies for Information Security, China
Ahmed Hussein|https://dblp.org/pers/hd/h/Hussein:Ahmed|
Yinhao Li|https://dblp.org/pers/hd/l/Li:Yinhao|
Awatif Alqahtani|https://dblp.org/pers/hd/a/Alqahtani:Awatif|
Ellis Solaiman|https://dblp.org/pers/hd/s/Solaiman:Ellis|
Rajkumar Buyya|https://dblp.org/pers/hd/b/Buyya:Rajkumar|University of Melbourne, Cloud Computing and Distributed Systems Laboratory (CLOUDS), Australia
Graham Morgan|https://dblp.org/pers/hd/m/Morgan:Graham|
Rajiv Ranjan|https://dblp.org/pers/hd/r/Ranjan:Rajiv|
Saeed Aghaee|https://dblp.org/pers/hd/a/Aghaee:Saeed|
Ramsey Faragher|https://dblp.org/pers/hd/f/Faragher:Ramsey|University of Cambridge, UK
Robert K. Harle|https://dblp.org/pers/hd/h/Harle:Robert|University of Cambridge, UK
Alan F. Blackwell|https://dblp.org/pers/hd/b/Blackwell:Alan_F=|
Athman Bouguettaya|https://dblp.org/pers/hd/b/Bouguettaya:Athman|
Salil S. Kanhere|https://dblp.org/pers/hd/k/Kanhere:Salil|University of New South Wales, Sydney, Australia
Chi Harold Liu|https://dblp.org/pers/hd/l/Liu:Chi_Harold|
Rhys Beckett|https://dblp.org/pers/hd/b/Beckett:Rhys|
Yuchao Zhou|https://dblp.org/pers/hd/z/Zhou:Yuchao|
Suparna De|https://dblp.org/pers/hd/d/De:Suparna|University of Surrey, Guildford, UK
Gideon Ewa|https://dblp.org/pers/hd/e/Ewa:Gideon|
Klaus Moessner|https://dblp.org/pers/hd/m/Moessner:Klaus|University of Surrey, Guildford, UK
Steven Furnell|https://dblp.org/pers/hd/f/Furnell:Steven_M=|Plymouth University, Centre for Security, Communications and Network Research
Badraddin Alturki|https://dblp.org/pers/hd/a/Alturki:Badraddin|
Stephan Reiff-Marganiec|https://dblp.org/pers/hd/r/Reiff=Marganiec:Stephan|University of Leicester, UK
Tim Baarslag|https://dblp.org/pers/hd/b/Baarslag:Tim|
Kim-Kwang Raymond Choo|https://dblp.org/pers/hd/c/Choo:Kim=Kwang_Raymond|University of Texas at San Antonio, USA
Luke Jones|https://dblp.org/pers/hd/j/Jones:Luke|
Nada Alhirabi|https://dblp.org/pers/hd/a/Alhirabi:Nada|
Omer F. Rana|https://dblp.org/pers/hd/r/Rana:Omer|Cardiff University, School of Computer Science and Informatics
Karan Juj|https://dblp.org/pers/hd/j/Juj:Karan|
Yasar Majib|https://dblp.org/pers/hd/m/Majib:Yasar|
Chirine Ghedira|https://dblp.org/pers/hd/g/Ghedira:Chirine|
Athanasios V. Vasilakos|https://dblp.org/pers/hd/v/Vasilakos:Athanasios_V=|
Gül Çalikli|https://dblp.org/pers/hd/=/=Ccedil=alikli:G=uuml=l|"Chalmers | University of Gothenburg, Sweden"
Quan Z. Sheng|https://dblp.org/pers/hd/s/Sheng:Quan_Z=|Macquarie University, Sydney, Australia
Kuan-Ching Li|https://dblp.org/pers/hd/l/Li:Kuan=Ching|
Devinder Kaur|https://dblp.org/pers/hd/k/Kaur:Devinder|
Gagangeet Singh Aujla|https://dblp.org/pers/hd/a/Aujla:Gagangeet_Singh|
Neeraj Kumar 0001|https://dblp.org/pers/hd/k/Kumar_0001:Neeraj|Thapar Institute of Engineering and Technology, Computer Science and Engineering Department, Patiala, India
Albert Y. Zomaya|https://dblp.org/pers/hd/z/Zomaya:Albert_Y=|University of Sydney, Australia
Luiz Henrique Nunes|https://dblp.org/pers/hd/n/Nunes:Luiz_Henrique|
Júlio Cezar Estrella|https://dblp.org/pers/hd/e/Estrella:J=uacute=lio_Cezar|University of Sao Paulo
Alexandre C. B. Delbem|https://dblp.org/pers/hd/d/Delbem:Alexandre_C=_B=|
Yongrui Qin|https://dblp.org/pers/hd/q/Qin:Yongrui|
Susan Wakenshaw|https://dblp.org/pers/hd/w/Wakenshaw:Susan|
Hamed Haddadi|https://dblp.org/pers/hd/h/Haddadi:Hamed|
Richard Mortier|https://dblp.org/pers/hd/m/Mortier:Richard|
Andy Crabtree|https://dblp.org/pers/hd/c/Crabtree:Andy|University of Nottingham, UK
Irene Ng|https://dblp.org/pers/hd/n/Ng:Irene|
Derek McAuley|https://dblp.org/pers/hd/m/McAuley:Derek|University of Nottingham, UK
Jon Crowcroft|https://dblp.org/pers/hd/c/Crowcroft:Jon|University of Cambridge, UK
Sasu Tarkoma|https://dblp.org/pers/hd/t/Tarkoma:Sasu|University of Helsinki, Finland
Peter Christen|https://dblp.org/pers/hd/c/Christen:Peter|The Australian National University
Dimitrios Georgakopoulos|https://dblp.org/pers/hd/g/Georgakopoulos:Dimitrios|
Schahram Dustdar|https://dblp.org/pers/hd/d/Dustdar:Schahram|TU Wien, Vienna, Austria
Dhavalkumar Thakker|https://dblp.org/pers/hd/t/Thakker:Dhavalkumar|University of Bradford, UK
Alexandre C. B. Delbem|https://dblp.org/pers/hd/d/Delbem:Alexandre_Cl=aacute=udio_Botazzo|
Alper T. Alan|https://dblp.org/pers/hd/a/Alan:Alper_T=|
Richard Gomer|https://dblp.org/pers/hd/g/Gomer:Richard|
Muddasser Alam|https://dblp.org/pers/hd/a/Alam:Muddasser|
Enrico Gerding|https://dblp.org/pers/hd/g/Gerding:Enrico_H=|University of Southampton, UK
m. c. schraefel|https://dblp.org/pers/hd/s/schraefel:m=_c=|University of Southampton, Electronics and Computer Science, UK
Chang Liu 0001|https://dblp.org/pers/hd/l/Liu_0001:Chang|Beijing Institute of Technology, School of Computer Science and Technology, China
Lizhe Wang|https://dblp.org/pers/hd/w/Wang:Lizhe|Chinese Academy of Sciences, Center for Earth Observation and Digital Earth, China
Meisong Wang|https://dblp.org/pers/hd/w/Wang:Meisong|
Miranda Zhang|https://dblp.org/pers/hd/z/Zhang:Miranda|
Peter E. Strazdins|https://dblp.org/pers/hd/s/Strazdins:Peter|Australian National University, Acton, USA
R. K. Shyamsundar|https://dblp.org/pers/hd/s/Shyamsundar:R=_K=|
Tommy Nilsson|https://dblp.org/pers/hd/n/Nilsson:Tommy|
Carl Hogsden|https://dblp.org/pers/hd/h/Hogsden:Carl|
David Scruton|https://dblp.org/pers/hd/s/Scruton:David|
Andreas Lund|https://dblp.org/pers/hd/l/Lund:Andreas|
Amel Bennaceur|https://dblp.org/pers/hd/b/Bennaceur:Amel|The Open University, Milton Keynes, UK
Ciaran McCormick|https://dblp.org/pers/hd/m/McCormick:Ciaran|
Jesús García-Galán|https://dblp.org/pers/hd/g/Garc=iacute=a=Gal=aacute=n:Jes=uacute=s|
Andrew Smith|https://dblp.org/pers/hd/s/Smith:Andrew|
Andrea Zisman|https://dblp.org/pers/hd/z/Zisman:Andrea|
Alexandre C. B. Delbem|https://dblp.org/pers/hd/d/Delbem:Alexandre_N=|
Dumidu S. Talagala|https://dblp.org/pers/hd/t/Talagala:Dumidu_S=|University of Surrey
Luis Hideo Vasconcelos Nakamura|https://dblp.org/pers/hd/n/Nakamura:Luis_Hideo_Vasconcelos|
Rafael Mira De Oliveira Libardi|https://dblp.org/pers/hd/l/Libardi:Rafael_Mira_De_Oliveira|
Carlos Henrique Gomes Ferreira|https://dblp.org/pers/hd/f/Ferreira:Carlos_Henrique_Gomes|
Liuri Jorge|https://dblp.org/pers/hd/j/Jorge:Liuri|
Samee Ullah Khan|https://dblp.org/pers/hd/k/Khan:Samee_Ullah|
Srimal Jayawardena|https://dblp.org/pers/hd/j/Jayawardena:Srimal|
Ozgur Yurur|https://dblp.org/pers/hd/y/Yurur:Ozgur|
Xue Liu|https://dblp.org/pers/hd/l/Liu:Xue|
Wilfrido Alejandro Moreno|https://dblp.org/pers/hd/m/Moreno:Wilfrido_Alejandro|
Peter E. Strazdins|https://dblp.org/pers/hd/s/Strazdins:Peter_E=|Australian National University, Acton, USA
Arkady B. Zaslavsky|https://dblp.org/pers/hd/z/Zaslavsky:Arkady_B=|Deakin University, Melbourne, Australia
Michael Compton|https://dblp.org/pers/hd/c/Compton:Michael|
Ali Salehi|https://dblp.org/pers/hd/s/Salehi:Ali|
Stefano Cresci|https://dblp.org/pers/hd/c/Cresci:Stefano|
Stefano Tognazzi|https://dblp.org/pers/hd/t/Tognazzi:Stefano|
Gabriele Lenzini|https://dblp.org/pers/hd/l/Lenzini:Gabriele|Université du Luxembourg
Alessandro Balestrucci|https://dblp.org/pers/hd/b/Balestrucci:Alessandro|
Rocco De Nicola|https://dblp.org/pers/hd/n/Nicola:Rocco_De|
Van Tien Hoang|https://dblp.org/pers/hd/h/Hoang:Van_Tien|
Tiziano Fagni|https://dblp.org/pers/hd/f/Fagni:Tiziano|
Leonardo Nizzoli|https://dblp.org/pers/hd/n/Nizzoli:Leonardo|
Guido Caldarelli|https://dblp.org/pers/hd/c/Caldarelli:Guido|
Fabio Del Vigna|https://dblp.org/pers/hd/v/Vigna:Fabio_Del|
Fabio Saracco|https://dblp.org/pers/hd/s/Saracco:Fabio|
Ilaria Matteucci|https://dblp.org/pers/hd/m/Matteucci:Ilaria|
Andrea Saracino|https://dblp.org/pers/hd/s/Saracino:Andrea|
Daniele Sgandurra|https://dblp.org/pers/hd/s/Sgandurra:Daniele|
Roberto Di Pietro|https://dblp.org/pers/hd/p/Pietro:Roberto_Di|HBKU-CSE, Hamad Bin Khalifa University - College of Science and Engineering, Doha, Qatar
Udo Bub|https://dblp.org/pers/hd/b/Bub:Udo|Eötvös Loránd University, Budapest, Hungary
Ajantha Dahanayake|https://dblp.org/pers/hd/d/Dahanayake:Ajantha|
Jérôme Darmont|https://dblp.org/pers/hd/d/Darmont:J=eacute=r=ocirc=me|Lumière University Lyon 2, France
Claudia Diamantini|https://dblp.org/pers/hd/d/Diamantini:Claudia|
Fabio Fassetti|https://dblp.org/pers/hd/f/Fassetti:Fabio|
Eduardo L. Fermé|https://dblp.org/pers/hd/f/Ferm=eacute=:Eduardo|University of Madeira, Portugal
Nadia Kabachi|https://dblp.org/pers/hd/k/Kabachi:Nadia|
Bálint Molnár|https://dblp.org/pers/hd/m/Moln=aacute=r:B=aacute=lint|
Sham Navathe|https://dblp.org/pers/hd/n/Navathe:Sham|
Ermelinda Oro|https://dblp.org/pers/hd/o/Oro:Ermelinda|
Simona E. Rombo|https://dblp.org/pers/hd/r/Rombo:Simona_E=|University of Calabria, Cosenza, Italy
Massimo Ruffolo|https://dblp.org/pers/hd/r/Ruffolo:Massimo|
Bernhard Thalheim|https://dblp.org/pers/hd/t/Thalheim:Bernhard|University of Kiel, Germany
Domenico Ursino|https://dblp.org/pers/hd/u/Ursino:Domenico|
Irfan Khan Tanoli|https://dblp.org/pers/hd/t/Tanoli:Irfan_Khan|
Alessandro Maggi|https://dblp.org/pers/hd/m/Maggi:Alessandro|
Francesco Tiezzi|https://dblp.org/pers/hd/t/Tiezzi:Francesco|
Gianpiero Costantino|https://dblp.org/pers/hd/c/Costantino:Gianpiero|IIT-CNR
Andrea Cimino|https://dblp.org/pers/hd/c/Cimino:Andrea|
Felice Dell'Orletta|https://dblp.org/pers/hd/d/Dell=Orletta:Felice|Italian Natural Language Processing Lab
Paolo Santi|https://dblp.org/pers/hd/s/Santi:Paolo|
Jose Fran. Ruiz|https://dblp.org/pers/hd/r/Ruiz:Jose_Fran=|
Carmela Gambardella|https://dblp.org/pers/hd/g/Gambardella:Carmela|
Mirko Manea|https://dblp.org/pers/hd/m/Manea:Mirko|
Anil Ozdeniz|https://dblp.org/pers/hd/o/Ozdeniz:Anil|
Marco Avvenuti|https://dblp.org/pers/hd/a/Avvenuti:Marco|University of Pisa, Italy
Clara Bacciu|https://dblp.org/pers/hd/b/Bacciu:Clara|
Paolo Deluca|https://dblp.org/pers/hd/d/Deluca:Paolo|
Marco Casassa Mont|https://dblp.org/pers/hd/m/Mont:Marco_Casassa|Hewlett Packard Enterprise Labs, Bristol, UK
Marco Luca Sbodio|https://dblp.org/pers/hd/s/Sbodio:Marco_Luca|
Noura Faci|https://dblp.org/pers/hd/f/Faci:Noura|LIRS Lyon, France
Zakaria Maamar|https://dblp.org/pers/hd/m/Maamar:Zakaria|Zayed University, Dubai, UAE
Claudio Caimi|https://dblp.org/pers/hd/c/Caimi:Claudio|
Debora Stella|https://dblp.org/pers/hd/s/Stella:Debora|
Paolo Mori|https://dblp.org/pers/hd/m/Mori:Paolo|
Alessandro Colantonio|https://dblp.org/pers/hd/c/Colantonio:Alessandro|Johannes Kepler University Linz, Austria
Mauro Conti|https://dblp.org/pers/hd/c/Conti:Mauro|University of Padua, Italy
Vincenzo Ciancia|https://dblp.org/pers/hd/c/Ciancia:Vincenzo|
José Antonio Martín|https://dblp.org/pers/hd/m/Mart=iacute=n:Jos=eacute=_Antonio|
Marina Egea|https://dblp.org/pers/hd/e/Egea:Marina|
Alessandro Celestini|https://dblp.org/pers/hd/c/Celestini:Alessandro|
Stefania Gnesi|https://dblp.org/pers/hd/g/Gnesi:Stefania|National Research Council, Italy
Corrado Moiso|https://dblp.org/pers/hd/m/Moiso:Corrado|
Michele Vescovi|https://dblp.org/pers/hd/v/Vescovi:Michele|
Riccardo Conti|https://dblp.org/pers/hd/c/Conti:Riccardo|
Emanuel Marzini|https://dblp.org/pers/hd/m/Marzini:Emanuel|
Alessio Lunardelli|https://dblp.org/pers/hd/l/Lunardelli:Alessio|
Federica Paci|https://dblp.org/pers/hd/p/Paci:Federica|
Nicola Zannone|https://dblp.org/pers/hd/z/Zannone:Nicola|
Maurice H. ter Beek|https://dblp.org/pers/hd/b/Beek:Maurice_H=_ter|National Research Council, Italy
Alberto Lluch-Lafuente|https://dblp.org/pers/hd/l/Lluch=Lafuente:Alberto|Technical University of Denmark, DTU Compute
Audun Jøsang|https://dblp.org/pers/hd/j/J=oslash=sang:Audun|University of Oslo, Norway
Pierangela Samarati|https://dblp.org/pers/hd/s/Samarati:Pierangela|University of Milan, Italy
Luca Wiegand|https://dblp.org/pers/hd/w/Wiegand:Luca|
Charles Morisset|https://dblp.org/pers/hd/m/Morisset:Charles|
Levente Buttyán|https://dblp.org/pers/hd/b/Butty=aacute=n:Levente|Budapest University of Technology and Economics, Department of Networked Systems and Services
László Dóra|https://dblp.org/pers/hd/d/D=oacute=ra:L=aacute=szl=oacute=|
Roberto Gorrieri|https://dblp.org/pers/hd/g/Gorrieri:Roberto|University of Bologna, Italy
Stefano Campanelli|https://dblp.org/pers/hd/c/Campanelli:Stefano|
Alessandro Falleni|https://dblp.org/pers/hd/f/Falleni:Alessandro|
Anna Vaccarelli|https://dblp.org/pers/hd/v/Vaccarelli:Anna|
Maurizio Colombo|https://dblp.org/pers/hd/c/Colombo:Maurizio|
Franco Mazzanti|https://dblp.org/pers/hd/m/Mazzanti:Franco|
Lavinia Egidi|https://dblp.org/pers/hd/e/Egidi:Lavinia|
Fabrizio Baiardi|https://dblp.org/pers/hd/b/Baiardi:Fabrizio|University of Pisa, Italy
Riccardo Granchi|https://dblp.org/pers/hd/g/Granchi:Riccardo|
Jing Tian|https://dblp.org/pers/hd/t/Tian:Jing|
Guanglin Xu|https://dblp.org/pers/hd/x/Xu:Guanglin|
Chunyan Yang|https://dblp.org/pers/hd/y/Yang:Chunyan|
Xiaolin Xu|https://dblp.org/pers/hd/x/Xu:Xiaolin|
Lucia Carrion Gordon|https://dblp.org/pers/hd/g/Gordon:Lucia_Carrion|
Zenon Chaczko|https://dblp.org/pers/hd/c/Chaczko:Zenon|
Chris J. Hinde|https://dblp.org/pers/hd/h/Hinde:Chris_J=|Loughborough University, Department of Computer Science
Ignazio Licata|https://dblp.org/pers/hd/l/Licata:Ignazio|
Davide Fiscaletti|https://dblp.org/pers/hd/f/Fiscaletti:Davide|
Robin Braun|https://dblp.org/pers/hd/b/Braun:Robin|University of Technology Sydney, Australia
Zoltan Bokor|https://dblp.org/pers/hd/b/Bokor:Zoltan|
Robert Kozma|https://dblp.org/pers/hd/k/Kozma:Robert|
Chu Kiong Loo|https://dblp.org/pers/hd/l/Loo:Chu_Kiong|
Chris J. Hinde|https://dblp.org/pers/hd/h/Hinde:Christopher_J=|Loughborough University, Department of Computer Science
Boris Kovalerchuk|https://dblp.org/pers/hd/k/Kovalerchuk:Boris|
Nuo Wi Noel Tay|https://dblp.org/pers/hd/t/Tay:Nuo_Wi_Noel|
Masoud Nikravesh|https://dblp.org/pers/hd/n/Nikravesh:Masoud|
Luis Garmendia|https://dblp.org/pers/hd/g/Garmendia:Luis|
Javier Alonso|https://dblp.org/pers/hd/a/Alonso:Javier|
Zheng Pei|https://dblp.org/pers/hd/p/Pei:Zheng|
Ariën J. van der Wal|https://dblp.org/pers/hd/w/Wal:Ari=euml=n_J=_van_der|
Keyun Qin|https://dblp.org/pers/hd/q/Qin:Keyun|
Yang Xu 0001|https://dblp.org/pers/hd/x/Xu_0001:Yang|Southwest Jiaotong University, Department of Applied Mathematics, Chengdu, China
Javier Alonso Ruiz|https://dblp.org/pers/hd/r/Ruiz:Javier_Alonso|
Raúl Izquierdo|https://dblp.org/pers/hd/i/Izquierdo:Ra=uacute=l|
Van-Nam Huynh|https://dblp.org/pers/hd/h/Huynh:Van=Nam|
Yoshiteru Nakamori|https://dblp.org/pers/hd/n/Nakamori:Yoshiteru|
Tu Bao Ho|https://dblp.org/pers/hd/h/Ho:Tu_Bao|
Tetsuya Murai|https://dblp.org/pers/hd/m/Murai:Tetsuya|
Yoshiharu Sato|https://dblp.org/pers/hd/s/Sato:Yoshiharu|
Michinori Nakata|https://dblp.org/pers/hd/n/Nakata:Michinori|
Elisa Alghisi Manganello|https://dblp.org/pers/hd/m/Manganello:Elisa_Alghisi|
Chiara Ratti|https://dblp.org/pers/hd/r/Ratti:Chiara|
I. Burhan Türksen|https://dblp.org/pers/hd/t/T=uuml=rksen:I=_Burhan|University of Toronto, Department of Mechanical and Industrial Engineering
Alberto Borboni|https://dblp.org/pers/hd/b/Borboni:Alberto|
Rodolfo Faglia|https://dblp.org/pers/hd/f/Faglia:Rodolfo|
Monica Tiboni|https://dblp.org/pers/hd/t/Tiboni:Monica|
Masaru Shimbo|https://dblp.org/pers/hd/s/Shimbo:Masaru|
T. Mura|https://dblp.org/pers/hd/m/Mura:T=|
G. V. Tzvetkova|https://dblp.org/pers/hd/t/Tzvetkova:G=_V=|
A. J. van der Wal|https://dblp.org/pers/hd/w/Wal:A=_J=_van_der|
D. Ruan|https://dblp.org/pers/hd/r/Ruan:D=|
A. Wayne Wymore|https://dblp.org/pers/hd/w/Wymore:A=_Wayne|
George J. Klir|https://dblp.org/pers/hd/k/Klir:George_J=|
David Harmanec|https://dblp.org/pers/hd/h/Harmanec:David|
Ute St. Clair|https://dblp.org/pers/hd/c/Clair:Ute_St=|
Daniel M. Dubois|https://dblp.org/pers/hd/d/Dubois:Daniel_M=|
Alessandro Raymondi|https://dblp.org/pers/hd/r/Raymondi:Alessandro|
Venusia Covelli|https://dblp.org/pers/hd/c/Covelli:Venusia|
Rossella Mana|https://dblp.org/pers/hd/m/Mana:Rossella|
Laura Panizza|https://dblp.org/pers/hd/p/Panizza:Laura|
Elisa Zugno|https://dblp.org/pers/hd/z/Zugno:Elisa|
Andrea Ceregini|https://dblp.org/pers/hd/c/Ceregini:Andrea|
Donatella Persico|https://dblp.org/pers/hd/p/Persico:Donatella|
Francesca Pozzi|https://dblp.org/pers/hd/p/Pozzi:Francesca|
Francesca Maria Dagnino|https://dblp.org/pers/hd/d/Dagnino:Francesca_Maria|
L. P. Prieto|https://dblp.org/pers/hd/p/Prieto:L=_P=|
Serena Alvino|https://dblp.org/pers/hd/a/Alvino:Serena|
Paola Forcheri|https://dblp.org/pers/hd/f/Forcheri:Paola|
Maria Grazia Ierardi|https://dblp.org/pers/hd/i/Ierardi:Maria_Grazia|
Maria Ferraris|https://dblp.org/pers/hd/f/Ferraris:Maria|
Stefania Manca|https://dblp.org/pers/hd/m/Manca:Stefania|
Olga Firssova|https://dblp.org/pers/hd/f/Firssova:Olga|
Cathrin Vogel|https://dblp.org/pers/hd/v/Vogel:Cathrin|
Noëlle Diegel|https://dblp.org/pers/hd/d/Diegel:No=euml=lle|
Panu Forsman|https://dblp.org/pers/hd/f/Forsman:Panu|
Esther Tan|https://dblp.org/pers/hd/t/Tan:Esther|
Antonio Moreira Teixeira|https://dblp.org/pers/hd/t/Teixeira:Antonio_Moreira|
Maria do Carmo Texeira Pinto|https://dblp.org/pers/hd/p/Pinto:Maria_do_Carmo_Texeira|
Bill Vassiliadis|https://dblp.org/pers/hd/v/Vassiliadis:Bill|
Achilles Kameas|https://dblp.org/pers/hd/k/Kameas:Achilles|
Cleo Sgouropoulou|https://dblp.org/pers/hd/s/Sgouropoulou:Cleo|
David Martín-Moncunill|https://dblp.org/pers/hd/m/Mart=iacute=n=Moncunill:David|
Miguel-Ángel Sicilia|https://dblp.org/pers/hd/s/Sicilia:Miguel==Aacute=ngel|
Elena García Barriocanal|https://dblp.org/pers/hd/b/Barriocanal:Elena_Garc=iacute=a|
Alessandra Antonaci|https://dblp.org/pers/hd/a/Antonaci:Alessandra|
Roland Klemke|https://dblp.org/pers/hd/k/Klemke:Roland|
M. do Carmo Pinto|https://dblp.org/pers/hd/p/Pinto:M=_do_Carmo|
G. Vidal|https://dblp.org/pers/hd/v/Vidal:G=|
Daria Peter|https://dblp.org/pers/hd/p/Peter:Daria|
Tim Bruysten|https://dblp.org/pers/hd/b/Bruysten:Tim|
Mario Spatafora|https://dblp.org/pers/hd/s/Spatafora:Mario|
Kamelia Stefanova|https://dblp.org/pers/hd/s/Stefanova:Kamelia|
CongDuc Pham|https://dblp.org/pers/hd/p/Pham:Congduc|
Babacar Diop|https://dblp.org/pers/hd/d/Diop:Babacar|
Charlotte Dupont|https://dblp.org/pers/hd/d/Dupont:Charlotte|
Sename Koffi|https://dblp.org/pers/hd/k/Koffi:Sename|
Miren Nekane Bilbao|https://dblp.org/pers/hd/b/Bilbao:Miren_Nekane|
Javier J. Sánchez Medina|https://dblp.org/pers/hd/m/Medina:Javier_J=_S=aacute=nchez|University of Las Palmas de Gran Canaria, Spain
Antonio Marsico|https://dblp.org/pers/hd/m/Marsico:Antonio|
Attilio Broglio|https://dblp.org/pers/hd/b/Broglio:Attilio|
Federico Michele Facca|https://dblp.org/pers/hd/f/Facca:Federico_Michele|
Javier Poncela-González|https://dblp.org/pers/hd/p/Poncela:Javier|
Panagiotis Vlacheas|https://dblp.org/pers/hd/v/Vlacheas:Panagiotis|
Cosmin-Septimiu Nechifor|https://dblp.org/pers/hd/n/Nechifor:Septimiu=Cosmin|Siemens, Romania
Raquel Barco|https://dblp.org/pers/hd/b/Barco:Raquel|
M. Carmen Aguayo-Torres|https://dblp.org/pers/hd/t/Torres:Mari_Carmen_Aguayo|
Vera Stavroulaki|https://dblp.org/pers/hd/s/Stavroulaki:Vera|
Panagiotis Demestichas|https://dblp.org/pers/hd/d/Demestichas:Panagiotis|
Matti Eteläperä|https://dblp.org/pers/hd/e/Etel=auml=per=auml=:Matti|
Diana Manjarres|https://dblp.org/pers/hd/m/Manjarres:Diana|
Itziar Landa-Torres|https://dblp.org/pers/hd/l/Landa=Torres:Itziar|
Aline Carneiro Viana|https://dblp.org/pers/hd/v/Viana:Aline_Carneiro|
Artur Ziviani|https://dblp.org/pers/hd/z/Ziviani:Artur|
Roy Friedman|https://dblp.org/pers/hd/f/Friedman:Roy|Technion - Israel Institute of Technology, Haifa, Israel
Nathalie Mitton|https://dblp.org/pers/hd/m/Mitton:Nathalie|
Loic Schmidt|https://dblp.org/pers/hd/s/Schmidt:Loic|
