Cognitive Computation 11 2019|https://dblp.org/db/journals/cogcom/cogcom11.html
Eng. Appl. of AI 78 2019|https://dblp.org/db/journals/eaai/eaai78.html
Expert Syst. Appl. 116 2019|https://dblp.org/db/journals/eswa/eswa116.html
HELMeTO 2019|https://dblp.org/db/conf/helmeto/helmeto2019.html
IDEAL (2) 2019|https://dblp.org/db/conf/ideal/ideal2019-2.html
Communications in Computer and Information Science 2019|https://dblp.org/db/series/ccis/index.html
IEEE Access 6 2018|https://dblp.org/db/journals/access/access6.html
Soft Comput. 22 2018|https://dblp.org/db/journals/soco/soco22.html
IEEE Trans. Cybernetics 48 2018|https://dblp.org/db/journals/tcyb/tcyb48.html
IEEE Trans. Wireless Communications 17 2018|https://dblp.org/db/journals/twc/twc17.html
SMARTCOMP 2018|https://dblp.org/db/conf/smartcomp/smartcomp2018.html
WILF 2018|https://dblp.org/db/conf/wilf/wilf2018.html
Inf. Sci. 415 2017|https://dblp.org/db/journals/isci/isci415.html
FUZZ-IEEE 2017|https://dblp.org/db/conf/fuzzIEEE/fuzzIEEE2017.html
Inf. Sci. 329 2016|https://dblp.org/db/journals/isci/isci329.html
SOCO-CISIS-ICEUTE 2016|https://dblp.org/db/conf/softcomp/soco2016.html
Expert Syst. Appl. 42 2015|https://dblp.org/db/journals/eswa/eswa42.html
IEEE Trans. Intelligent Transportation Systems 16 2015|https://dblp.org/db/journals/tits/tits16.html
FUZZ-IEEE 2015|https://dblp.org/db/conf/fuzzIEEE/fuzzIEEE2015.html
Neurocomputing 146 2014|https://dblp.org/db/journals/ijon/ijon146.html
Inf. Sci. 283 2014|https://dblp.org/db/journals/isci/isci283.html
IEEE Trans. Industrial Informatics 10 2014|https://dblp.org/db/journals/tii/tii10.html
Int. J. Approx. Reasoning 54 2013|https://dblp.org/db/journals/ijar/ijar54.html
SustainIT 2013|https://dblp.org/db/conf/ifip6-3/sustainit2013.html
IFSA/NAFIPS 2013|https://dblp.org/db/conf/ifsa/ifsa2013.html
WILF 2013|https://dblp.org/db/conf/wilf/wilf2013.html
IEEE Trans. Fuzzy Systems 20 2012|https://dblp.org/db/journals/tfs/tfs20.html
FUZZ-IEEE 2012|https://dblp.org/db/conf/fuzzIEEE/fuzzIEEE2012.html
SustainIT 2012|https://dblp.org/db/conf/ifip6-3/sustainit2012.html
Soft Comput. 15 2011|https://dblp.org/db/journals/soco/soco15.html
FUZZ-IEEE 2011|https://dblp.org/db/conf/fuzzIEEE/fuzzIEEE2011.html
GEFS 2011|https://dblp.org/db/conf/gefs/gefs2011.html
ISDA 2011|https://dblp.org/db/conf/isda/isda2011.html
WILF 2011|https://dblp.org/db/conf/wilf/wilf2011.html
Soft Comput. 14 2010|https://dblp.org/db/journals/soco/soco14.html
FUZZ-IEEE 2010|https://dblp.org/db/conf/fuzzIEEE/fuzzIEEE2010.html
Evolutionary Intelligence 2 2009|https://dblp.org/db/journals/evi/evi2.html
Int. J. Approx. Reasoning 50 2009|https://dblp.org/db/journals/ijar/ijar50.html
Int. J. Intell. Syst. 24 2009|https://dblp.org/db/journals/ijis/ijis24.html
IEEE Trans. Fuzzy Systems 17 2009|https://dblp.org/db/journals/tfs/tfs17.html
IFSA/EUSFLAT Conf. 2009|https://dblp.org/db/conf/eusflat/eusflat2009.html
HAIS 2009|https://dblp.org/db/conf/hais/hais2009.html
ISDA 2009|https://dblp.org/db/conf/isda/isda2009.html
HAIS 2008|https://dblp.org/db/conf/hais/hais2008.html
HIS 2008|https://dblp.org/db/conf/his/his2008.html
Soft Comput. 11 2007|https://dblp.org/db/journals/soco/soco11.html
IEEE Congress on Evolutionary Computation 2007|https://dblp.org/db/conf/cec/cec2007.html
FUZZ-IEEE 2007|https://dblp.org/db/conf/fuzzIEEE/fuzzIEEE2007.html
IEEE Access 7 2019|https://dblp.org/db/journals/access/access7.html
IWBBIO (2) 2019|https://dblp.org/db/conf/iwbbio/iwbbio2019-2.html
Wiley Interdiscip. Rev. Data Min. Knowl. Discov. 8 2018|https://dblp.org/db/journals/widm/widm8.html
IEEE Trans. Fuzzy Systems 25 2017|https://dblp.org/db/journals/tfs/tfs25.html
Appl. Soft Comput. 24 2014|https://dblp.org/db/journals/asc/asc24.html
Inf. Sci. 276 2014|https://dblp.org/db/journals/isci/isci276.html
Inf. Sci. 282 2014|https://dblp.org/db/journals/isci/isci282.html
Knowl.-Based Syst. 54 2013|https://dblp.org/db/journals/kbs/kbs54.html
IEEE Trans. Fuzzy Systems 21 2013|https://dblp.org/db/journals/tfs/tfs21.html
FUZZ-IEEE 2013|https://dblp.org/db/conf/fuzzIEEE/fuzzIEEE2013.html
GEFS 2013|https://dblp.org/db/conf/gefs/gefs2013.html
Appl. Intell. 36 2012|https://dblp.org/db/journals/apin/apin36.html
Int. J. Comput. Intell. Syst. 5 2012|https://dblp.org/db/journals/ijcisys/ijcisys5.html
Inf. Sci. 181 2011|https://dblp.org/db/journals/isci/isci181.html
IEEE Trans. Fuzzy Systems 19 2011|https://dblp.org/db/journals/tfs/tfs19.html
IEEE Congress on Evolutionary Computation 2011|https://dblp.org/db/conf/cec/cec2011.html
Expert Syst. Appl. 37 2010|https://dblp.org/db/journals/eswa/eswa37.html
IEEE Trans. Fuzzy Systems 18 2010|https://dblp.org/db/journals/tfs/tfs18.html
GEFS 2010|https://dblp.org/db/conf/gefs/gefs2010.html
IEA/AIE (2) 2010|https://dblp.org/db/conf/ieaaie/ieaaie2010-2.html
Parallel and Distributed Computational Intelligence 2010|https://dblp.org/db/series/sci/sci269.html
Appl. Intell. 31 2009|https://dblp.org/db/journals/apin/apin31.html
Fuzzy Sets and Systems 160 2009|https://dblp.org/db/journals/fss/fss160.html
Soft Comput. 13 2009|https://dblp.org/db/journals/soco/soco13.html
FUZZ-IEEE 2009|https://dblp.org/db/conf/fuzzIEEE/fuzzIEEE2009.html
Multi-Objective Evolutionary Algorithms for Knowledge Discovery from Databases 2008|https://dblp.org/db/series/sci/sci98.html
Int. J. Approx. Reasoning 44 2007|https://dblp.org/db/journals/ijar/ijar44.html
Int. J. Intell. Syst. 22 2007|https://dblp.org/db/journals/ijis/ijis22.html
International Journal of Uncertainty, Fuzziness and Knowledge-Based Systems 15 2007|https://dblp.org/db/journals/ijufks/ijufks15.html
IEEE Trans. Fuzzy Systems 15 2007|https://dblp.org/db/journals/tfs/tfs15.html
Soft Comput. 10 2006|https://dblp.org/db/journals/soco/soco10.html
IEA/AIE 2006|https://dblp.org/db/conf/ieaaie/ieaaie2006.html
MDAI 2006|https://dblp.org/db/conf/mdai/mdai2006.html
Eng. Appl. of AI 18 2005|https://dblp.org/db/journals/eaai/eaai18.html
FUZZ-IEEE 2005|https://dblp.org/db/conf/fuzzIEEE/fuzzIEEE2005.html
FUZZ-IEEE 2004|https://dblp.org/db/conf/fuzzIEEE/fuzzIEEE2004.html
Appl. Intell. 18 2003|https://dblp.org/db/journals/apin/apin18.html
Integrated Computer-Aided Engineering 10 2003|https://dblp.org/db/journals/icae/icae10.html
Int. J. Approx. Reasoning 32 2003|https://dblp.org/db/journals/ijar/ijar32.html
EUSFLAT Conf. 2003|https://dblp.org/db/conf/eusflat/eusflat2003.html
Modelling with Words 2003|https://dblp.org/db/conf/mww/mww2003.html
IBERAMIA 2002|https://dblp.org/db/conf/iberamia/iberamia2002.html
SAC 2002|https://dblp.org/db/conf/sac/sac2002.html
Journal of Intelligent and Fuzzy Systems 11 2001|https://dblp.org/db/journals/jifs/jifs11.html
EUSFLAT Conf. 2001|https://dblp.org/db/conf/eusflat/eusflat2001.html
EUSFLAT-ESTYLF Joint Conf. 1999|https://dblp.org/db/conf/eusflat/eusflat1999.html
CoRR abs/1004.3385 2010|https://dblp.org/db/journals/corr/corr1004.html
Experimental Mathematics 17 2008|https://dblp.org/db/journals/em/em17.html
IEEE Trans. Mob. Comput. 18 2019|https://dblp.org/db/journals/tmc/tmc18.html
TOSN 15 2019|https://dblp.org/db/journals/tosn/tosn15.html
RTSI 2019|https://dblp.org/db/conf/rtsi/rtsi2019.html
SMARTCOMP 2019|https://dblp.org/db/conf/smartcomp/smartcomp2019.html
WOWMOM 2019|https://dblp.org/db/conf/wowmom/wowmom2019.html
WONS 2018|https://dblp.org/db/conf/wons/wons2018.html
WOWMOM 2018|https://dblp.org/db/conf/wowmom/wowmom2018.html
Computer Communications 114 2017|https://dblp.org/db/journals/comcom/comcom114.html
IEEE Communications Letters 21 2017|https://dblp.org/db/journals/icl/icl21.html
IEEE Trans. Dependable Sec. Comput. 14 2017|https://dblp.org/db/journals/tdsc/tdsc14.html
IEEE Trans. Industrial Informatics 13 2017|https://dblp.org/db/journals/tii/tii13.html
IEEE Trans. Vehicular Technology 66 2017|https://dblp.org/db/journals/tvt/tvt66.html
ADHOC-NOW 2017|https://dblp.org/db/conf/adhoc-now/adhoc-now2017.html
SMARTCOMP 2017|https://dblp.org/db/conf/smartcomp/smartcomp2017.html
Computer Communications 88 2016|https://dblp.org/db/journals/comcom/comcom88.html
ACM Comput. Surv. 48 2016|https://dblp.org/db/journals/csur/csur48.html
TAAS 10 2016|https://dblp.org/db/journals/taas/taas10.html
IEEE Trans. Mob. Comput. 15 2016|https://dblp.org/db/journals/tmc/tmc15.html
PE-WASUN@MSWiM 2016|https://dblp.org/db/conf/pe-wasun/pe-wasun2016.html
WoWMoM 2016|https://dblp.org/db/conf/wowmom/wowmom2016.html
Sensors 15 2015|https://dblp.org/db/journals/sensors/sensors15.html
Computer Communications 47 2014|https://dblp.org/db/journals/comcom/comcom47.html
ACM Comput. Surv. 47 2014|https://dblp.org/db/journals/csur/csur47.html
IEEE Trans. Mob. Comput. 13 2014|https://dblp.org/db/journals/tmc/tmc13.html
ISCC 2014|https://dblp.org/db/conf/iscc/iscc2014.html
NCA 2014|https://dblp.org/db/conf/nca/nca2014.html
SMARTCOMP Workshops 2014|https://dblp.org/db/conf/smartcomp/smartcomp2014w.html
SMARTCOMP 2014|https://dblp.org/db/conf/smartcomp/smartcomp2014.html
Advances onto the Internet of Things 2014|https://dblp.org/db/series/asc/asc260.html
ERCIM News 2014 2014|https://dblp.org/db/journals/ercim/ercim2014.html
Computer Networks 57 2013|https://dblp.org/db/journals/cn/cn57.html
EE-LSDS 2013|https://dblp.org/db/conf/cost/eelsds2013.html
ETFA 2013|https://dblp.org/db/conf/etfa/etfa2013.html
ISCC 2013|https://dblp.org/db/conf/iscc/iscc2013.html
Med-Hoc-Net 2013|https://dblp.org/db/conf/medhocnet/medhocnet2013.html
PE-WASUN 2013|https://dblp.org/db/conf/pe-wasun/pe-wasun2013.html
ERCIM News 2013 2013|https://dblp.org/db/journals/ercim/ercim2013.html
ISCC 2012|https://dblp.org/db/conf/iscc/iscc2012.html
WOWMOM 2012|https://dblp.org/db/conf/wowmom/wowmom2012.html
ArtDeco 2012|https://dblp.org/db/series/lncs/lncs7200.html
Lecture Notes in Computer Science 2012|https://dblp.org/db/series/lncs/index.html
Comput. J. 54 2011|https://dblp.org/db/journals/cj/cj54.html
Computer Communications 34 2011|https://dblp.org/db/journals/comcom/comcom34.html
IEEE Journal on Selected Areas in Communications 29 2011|https://dblp.org/db/journals/jsac/jsac29.html
IEEE Trans. Industrial Informatics 7 2011|https://dblp.org/db/journals/tii/tii7.html
TOSN 8 2011|https://dblp.org/db/journals/tosn/tosn8.html
ISCC 2011|https://dblp.org/db/conf/iscc/iscc2011.html
WOWMOM 2011|https://dblp.org/db/conf/wowmom/wowmom2011.html
Computer Communications 33 2010|https://dblp.org/db/journals/comcom/comcom33.html
Pervasive and Mobile Computing 6 2010|https://dblp.org/db/journals/percom/percom6.html
IEEE Trans. Instrumentation and Measurement 59 2010|https://dblp.org/db/journals/tim/tim59.html
EWSN 2010|https://dblp.org/db/conf/ewsn/ewsn2010.html
ISCC 2010|https://dblp.org/db/conf/iscc/iscc2010.html
PerCom Workshops 2010|https://dblp.org/db/conf/percom/percomw2010.html
Ad Hoc Networks 7 2009|https://dblp.org/db/journals/adhoc/adhoc7.html
Comput. J. 52 2009|https://dblp.org/db/journals/cj/cj52.html
Perform. Eval. 66 2009|https://dblp.org/db/journals/pe/pe66.html
Pervasive and Mobile Computing 5 2009|https://dblp.org/db/journals/percom/percom5.html
IEEE Trans. Industrial Informatics 5 2009|https://dblp.org/db/journals/tii/tii5.html
EWSN 2009|https://dblp.org/db/conf/ewsn/ewsn2009.html
HICSS 2009|https://dblp.org/db/conf/hicss/hicss2009.html
ISCC 2009|https://dblp.org/db/conf/iscc/iscc2009.html
MSWiM 2009|https://dblp.org/db/conf/mswim/mswim2009.html
PerCom Workshops 2009|https://dblp.org/db/conf/percom/percomw2009.html
ERCIM News 2009 2009|https://dblp.org/db/journals/ercim/ercim2009.html
Wireless Networks 14 2008|https://dblp.org/db/journals/winet/winet14.html
EW 2008|https://dblp.org/db/conf/ew/ew2008.html
ISCC 2008|https://dblp.org/db/conf/iscc/iscc2008.html
WOWMOM 2008|https://dblp.org/db/conf/wowmom/wowmom2008.html
MASS 2007|https://dblp.org/db/conf/mass/mass2007.html
WOWMOM 2007|https://dblp.org/db/conf/wowmom/wowmom2007.html
HICSS 2006|https://dblp.org/db/conf/hicss/hicss2006-9.html
MOBIWAC 2006|https://dblp.org/db/conf/mobiwac/mobiwac2006.html
PE-WASUN 2006|https://dblp.org/db/conf/pe-wasun/pe-wasun2006.html
Cluster Computing 8 2005|https://dblp.org/db/journals/cluster/cluster8.html
Int. J. Pervasive Computing and Communications 1 2005|https://dblp.org/db/journals/ijpcc/ijpcc1.html
Pervasive and Mobile Computing 1 2005|https://dblp.org/db/journals/percom/percom1.html
HICSS 2005|https://dblp.org/db/conf/hicss/hicss2005-9.html
ICPS 2005|https://dblp.org/db/conf/icps/icps2005.html
ISCC 2005|https://dblp.org/db/conf/iscc/iscc2005.html
Handbook of Algorithms for Wireless Networking and Mobile Computing 2005|https://dblp.org/db/reference/crc/awnmc2005.html
Computer Networks 45 2004|https://dblp.org/db/journals/cn/cn45.html
IEEE Trans. Computers 53 2004|https://dblp.org/db/journals/tc/tc53.html
Wireless Networks 10 2004|https://dblp.org/db/journals/winet/winet10.html
ISCC 2004|https://dblp.org/db/conf/iscc/iscc2004.html
MSWiM 2004|https://dblp.org/db/conf/mswim/mswim2004.html
PerCom 2004|https://dblp.org/db/conf/percom/percom2004.html
Comput. J. 46 2003|https://dblp.org/db/journals/cj/cj46.html
Perform. Eval. 53 2003|https://dblp.org/db/journals/pe/pe53.html
HICSS 2003|https://dblp.org/db/conf/hicss/hicss2003-9.html
ICDCS Workshops 2003|https://dblp.org/db/conf/icdcsw/icdcsw2003.html
PWC 2003|https://dblp.org/db/conf/ifip6-8/pwc2003.html
ISCC 2002|https://dblp.org/db/conf/iscc/iscc2002.html
NETWORKING 2002|https://dblp.org/db/conf/networking/networking2002.html
Comput. J. 44 2001|https://dblp.org/db/journals/cj/cj44.html
Microprocessors and Microsystems 25 2001|https://dblp.org/db/journals/mam/mam25.html
IEEE Trans. Parallel Distrib. Syst. 12 2001|https://dblp.org/db/journals/tpds/tpds12.html
Cluster Computing 3 2000|https://dblp.org/db/journals/cluster/cluster3.html
IEEE Journal on Selected Areas in Communications 18 2000|https://dblp.org/db/journals/jsac/jsac18.html
Wireless Networks 6 2000|https://dblp.org/db/journals/winet/winet6.html
SRDS 1999|https://dblp.org/db/conf/srds/srds99.html
Computer Communications 21 1998|https://dblp.org/db/journals/comcom/comcom21.html
IEEE Personal Commun. 5 1998|https://dblp.org/db/journals/wc/wc5.html
INFOCOM 1998|https://dblp.org/db/conf/infocom/infocom1998-1.html
Computer Communications 20 1997|https://dblp.org/db/journals/comcom/comcom20.html
J. High Speed Networks 6 1997|https://dblp.org/db/journals/jhsn/jhsn6.html
IEEE Journal on Selected Areas in Communications 15 1997|https://dblp.org/db/journals/jsac/jsac15.html
MONET 2 1997|https://dblp.org/db/journals/monet/monet2.html
Perform. Eval. 29 1997|https://dblp.org/db/journals/pe/pe29.html
IJWIN 3 1996|https://dblp.org/db/journals/ijwin/ijwin3.html
INFOCOM 1996|https://dblp.org/db/conf/infocom/infocom1996-2.html
International Zurich Seminar on Digital Communications 1996|https://dblp.org/db/conf/izs/izs1996.html
Computer Communications 18 1995|https://dblp.org/db/journals/comcom/comcom18.html
Computer Communications 16 1993|https://dblp.org/db/journals/comcom/comcom16.html
INFOCOM 1993|https://dblp.org/db/conf/infocom/infocom1993-2.html
Future Generation Comp. Syst. 102 2020|https://dblp.org/db/journals/fgcs/fgcs102.html
IEEE Communications Surveys and Tutorials 21 2019|https://dblp.org/db/journals/comsur/comsur21.html
Eng. Appl. of AI 84 2019|https://dblp.org/db/journals/eaai/eaai84.html
IEEE Internet Things Mag. 2 2019|https://dblp.org/db/journals/iotm/iotm2.html
CoRR abs/1909.01020 2019|https://dblp.org/db/journals/corr/corr1909.html
CoRR abs/1910.13965 2019|https://dblp.org/db/journals/corr/corr1910.html
IEEE Internet Things Mag. 1 2018|https://dblp.org/db/journals/iotm/iotm1.html
CoRR abs/1810.01839 2018|https://dblp.org/db/journals/corr/corr1810.html
IOT 2017|https://dblp.org/db/conf/iot/iot2017.html
CloudCom 2016|https://dblp.org/db/conf/cloudcom/cloudcom2016.html
WF-IoT 2016|https://dblp.org/db/conf/wf-iot/wf-iot2016.html
ICC 2015|https://dblp.org/db/conf/icc/icc2015.html
RIVF 2015|https://dblp.org/db/conf/rivf/rivf2015.html
WiMob 2014|https://dblp.org/db/conf/wimob/wimob2014.html
AINA Workshops 2013|https://dblp.org/db/conf/aina/ainaw2013.html
EANN (2) 2013|https://dblp.org/db/conf/eann/eann2013-2.html
GIIS 2013|https://dblp.org/db/conf/giis/giis2013.html
EW 2012|https://dblp.org/db/conf/ew/ew2012.html
Finance and Stochastics 13 2009|https://dblp.org/db/journals/fs/fs13.html
Math. Meth. of OR 54 2001|https://dblp.org/db/journals/mmor/mmor54.html
Medical Image Analysis 52 2019|https://dblp.org/db/journals/mia/mia52.html
CNI@MICCAI 2019|https://dblp.org/db/conf/miccai/cni2019.html
CoRR abs/1902.09063 2019|https://dblp.org/db/journals/corr/corr1902.html
Pattern Anal. Appl. 14 2011|https://dblp.org/db/journals/paa/paa14.html
CBMS 2008|https://dblp.org/db/conf/cbms/cbms2008.html
ICIP (2) 2007|https://dblp.org/db/conf/icip/icip2007-2.html
KES (1) 2007|https://dblp.org/db/conf/kes/kes2007-1.html
CIMCA/IAWTIC 2005|https://dblp.org/db/conf/cimca/cimca2005-2.html
SAC 2005|https://dblp.org/db/conf/sac/sac2005.html
Microelectronics Reliability 88-90 2018|https://dblp.org/db/journals/mr/mr88.html
SoftCOM 2014|https://dblp.org/db/conf/softcom/softcom2014.html
Expert Syst. Appl. 136 2019|https://dblp.org/db/journals/eswa/eswa136.html
LOD 2018|https://dblp.org/db/conf/mod/lod2018.html
SAC 2018|https://dblp.org/db/conf/sac/sac2018.html
Bioinformatics 32 2016|https://dblp.org/db/journals/bioinformatics/bioinformatics32.html
SAC 2016|https://dblp.org/db/conf/sac/sac2016.html
FUZZ-IEEE 2019|https://dblp.org/db/conf/fuzzIEEE/fuzzIEEE2019.html
Inf. Sci. 332 2016|https://dblp.org/db/journals/isci/isci332.html
AINA 2016|https://dblp.org/db/conf/aina/aina2016.html
SMC 2016|https://dblp.org/db/conf/smc/smc2016.html
Inf. Syst. 38 2013|https://dblp.org/db/journals/is/is38.html
SAC 2013|https://dblp.org/db/conf/sac/sac2013.html
Trans. Large-Scale Data- and Knowledge-Centered Systems 4 2011|https://dblp.org/db/journals/tlsdkcs/tlsdkcs4.html
ITBAM 2010|https://dblp.org/db/conf/itbam/itbam2010.html
Information & Software Technology 50 2008|https://dblp.org/db/journals/infsof/infsof50.html
SAC 2008|https://dblp.org/db/conf/sac/sac2008.html
SIGARCH Computer Architecture News 34 2006|https://dblp.org/db/journals/sigarch/sigarch34.html
SAC 2006|https://dblp.org/db/conf/sac/sac2006.html
I3E 2005|https://dblp.org/db/conf/i3e/i3e2005.html
SAINT Workshops 2005|https://dblp.org/db/conf/saint/saint2005w.html
IEEE Micro 24 2004|https://dblp.org/db/journals/micro/micro24.html
SAC 2004|https://dblp.org/db/conf/sac/sac2004.html
SIGARCH Computer Architecture News 31 2003|https://dblp.org/db/journals/sigarch/sigarch31.html
SAC 2003|https://dblp.org/db/conf/sac/sac2003.html
Softw., Pract. Exper. 32 2002|https://dblp.org/db/journals/spe/spe32.html
Workshop on Software and Performance 2002|https://dblp.org/db/conf/wosp/wosp2002.html
Future Generation Comp. Syst. 18 2001|https://dblp.org/db/journals/fgcs/fgcs18.html
EUROMICRO 1999|https://dblp.org/db/conf/euromicro/euromicro1999.html
ICDCS 1998|https://dblp.org/db/conf/icdcs/icdcs98.html
IWPC 1998|https://dblp.org/db/conf/iwpc/iwpc1998.html
IEEE-RITA 14 2019|https://dblp.org/db/journals/ieee-rita/ieee-rita14.html
IJIMAI 5 2019|https://dblp.org/db/journals/ijimai/ijimai5.html
J. Ambient Intelligence and Humanized Computing 10 2019|https://dblp.org/db/journals/jaihc/jaihc10.html
Sensors 19 2019|https://dblp.org/db/journals/sensors/sensors19.html
SUZA 2019|https://dblp.org/db/conf/ifip3-4/suza2019.html
EDUCON 2018|https://dblp.org/db/conf/educon/educon2018.html
IEEE Access 5 2017|https://dblp.org/db/journals/access/access5.html
I. J. Medical Informatics 107 2017|https://dblp.org/db/journals/ijmi/ijmi107.html
Computer Standards & Interfaces 48 2016|https://dblp.org/db/journals/csi/csi48.html
FSDM 2016|https://dblp.org/db/conf/fsdm/fsdm2016.html
Interacción 2016|https://dblp.org/db/conf/interaccion/interaccion2016.html
IJIMAI 3 2015|https://dblp.org/db/journals/ijimai/ijimai3.html
J. UCS 21 2015|https://dblp.org/db/journals/jucs/jucs21.html
IJIMAI 2 2014|https://dblp.org/db/journals/ijimai/ijimai2.html
DeLFI 2014|https://dblp.org/db/conf/delfi/delfi2014.html
ICALT 2014|https://dblp.org/db/conf/icalt/icalt2014.html
Interacción 2014|https://dblp.org/db/conf/interaccion/interaccion2014.html
Computers & Education 58 2012|https://dblp.org/db/journals/ce/ce58.html
EC-TEL 2011|https://dblp.org/db/conf/ectel/ectel2011.html
FIE 2011|https://dblp.org/db/conf/fie/fie2011.html
WCIT 2011|https://dblp.org/db/journals/procedia/procedia3.html
EC-TEL 2010|https://dblp.org/db/conf/ectel/ectel2010.html
LWA 2010|https://dblp.org/db/conf/lwa/lwa2010.html
RecSysTEL@RecSys 2010|https://dblp.org/db/conf/recsys/recsystel2010.html
Computers in Human Behavior 24 2008|https://dblp.org/db/journals/chb/chb24.html
Inteligencia Artificial, Revista Iberoamericana de Inteligencia Artificial 11 2007|https://dblp.org/db/journals/aepia/aepia11.html
Computers in Human Behavior 23 2007|https://dblp.org/db/journals/chb/chb23.html
IJLT 3 2007|https://dblp.org/db/journals/ijlt/ijlt3.html
Interactive Learning Environments 15 2007|https://dblp.org/db/journals/ile/ile15.html
J. UCS 13 2007|https://dblp.org/db/journals/jucs/jucs13.html
EC-TEL (Posters) 2007|https://dblp.org/db/conf/ectel/posters2007.html
EC-TEL 2007|https://dblp.org/db/conf/ectel/ectel2007.html
ICWL 2007|https://dblp.org/db/conf/icwl/icwl2007.html
IJWBC 2 2006|https://dblp.org/db/journals/ijwbc/ijwbc2.html
EC-TEL Workshops 2006|https://dblp.org/db/conf/ectel/ectel2006w.html
ICALT 2006|https://dblp.org/db/conf/icalt/icalt2006.html
Interactive Learning Environments 13 2005|https://dblp.org/db/journals/ile/ile13.html
J. Comp. Assisted Learning 21 2005|https://dblp.org/db/journals/jcal/jcal21.html
Int. J. Inf. Sec. 18 2019|https://dblp.org/db/journals/ijisec/ijisec18.html
IJCNN 2019|https://dblp.org/db/conf/ijcnn/ijcnn2019.html
ICSSP 2019|https://dblp.org/db/conf/ispw/icssp2019.html
WETICE 2019|https://dblp.org/db/conf/wetice/wetice2019.html
JIKM 17 2018|https://dblp.org/db/journals/jikm/jikm17.html
FUZZ-IEEE 2018|https://dblp.org/db/conf/fuzzIEEE/fuzzIEEE2018.html
ICSOFT 2018|https://dblp.org/db/conf/icsoft/icsoft2018.html
IJCNN 2018|https://dblp.org/db/conf/ijcnn/ijcnn2018.html
ICSOFT 2017|https://dblp.org/db/conf/icsoft/icsoft2017.html
ICSOFT (Selected Papers) 2017|https://dblp.org/db/conf/icsoft/icsoft2017s.html
WIMS 2017|https://dblp.org/db/conf/wims/wims2017.html
Inf. Syst. 62 2016|https://dblp.org/db/journals/is/is62.html
Journal of Software: Evolution and Process 28 2016|https://dblp.org/db/journals/smr/smr28.html
CANDAR 2016|https://dblp.org/db/conf/ic-nc/candar2016.html
ICSOFT-PT 2016|https://dblp.org/db/conf/icsoft/icsoft2016-2.html
PST 2016|https://dblp.org/db/conf/pst/pst2016.html
IEEE Trans. Services Computing 8 2015|https://dblp.org/db/journals/tsc/tsc8.html
EOMAS@CAiSE 2015|https://dblp.org/db/conf/caise/eomas2015.html
CAiSE Forum 2015|https://dblp.org/db/conf/caise/caisefo2015.html
ICSOFT-PT 2015|https://dblp.org/db/conf/icsoft/icsoft2015pt.html
ICSOFT (Selected Papers) 2015|https://dblp.org/db/conf/icsoft/icsoft2015s.html
Empirical Software Engineering 19 2014|https://dblp.org/db/journals/ese/ese19.html
Journal of Software: Evolution and Process 26 2014|https://dblp.org/db/journals/smr/smr26.html
Business Process Management Workshops 2014|https://dblp.org/db/conf/bpm/bpmw2014.html
CIDM 2014|https://dblp.org/db/conf/cidm/cidm2014.html
RuleML 2014|https://dblp.org/db/conf/ruleml/ruleml2014.html
SAC 2014|https://dblp.org/db/conf/sac/sac2014.html
Journal of Software: Evolution and Process 25 2013|https://dblp.org/db/journals/smr/smr25.html
ICSOFT 2013|https://dblp.org/db/conf/icsoft/icsoft2013.html
OTM Conferences 2013|https://dblp.org/db/conf/otm/otm2013.html
OTM Workshops 2013|https://dblp.org/db/conf/otm/otm2013-w.html
WCRE 2013|https://dblp.org/db/conf/wcre/wcre2013.html
WSE 2013|https://dblp.org/db/conf/wse/wse2013.html
IEEE Congress on Evolutionary Computation 2012|https://dblp.org/db/conf/cec/cec2012.html
EDOC Workshops 2012|https://dblp.org/db/conf/edoc/edoc2012w.html
ICSOFT 2012|https://dblp.org/db/conf/icsoft/icsoft2012.html
WIDM 2012|https://dblp.org/db/conf/widm/widm2012.html
WSE 2012|https://dblp.org/db/conf/wse/wse2012.html
MSR 2011|https://dblp.org/db/conf/msr/msr2011.html
WSE 2010|https://dblp.org/db/conf/wse/wse2010.html
JIKM 8 2009|https://dblp.org/db/journals/jikm/jikm8.html
ICDS 2009|https://dblp.org/db/conf/icds/icds2009.html
JIKM 7 2008|https://dblp.org/db/journals/jikm/jikm7.html
PROFES 2008|https://dblp.org/db/conf/profes/profes2008.html
ICSOFT/ENASE (Selected Papers) 2007|https://dblp.org/db/conf/icsoft/icsoft2007s.html
Applied Mathematics and Computation 318 2018|https://dblp.org/db/journals/amc/amc318.html
IJUC 14 2018|https://dblp.org/db/journals/ijuc/ijuc14.html
SSCI 2018|https://dblp.org/db/conf/ssci/ssci2018.html
CoRR abs/1808.00738 2018|https://dblp.org/db/journals/corr/corr1808.html
Sensors 16 2016|https://dblp.org/db/journals/sensors/sensors16.html
CEC 2016|https://dblp.org/db/conf/cec/cec2016.html
Recent Advances in Computational Intelligence in Defense and Security 2016|https://dblp.org/db/series/sci/sci621.html
Expert Syst. Appl. 40 2013|https://dblp.org/db/journals/eswa/eswa40.html
IEEE Trans. Industrial Informatics 9 2013|https://dblp.org/db/journals/tii/tii9.html
Intelligent Decision Technologies 6 2012|https://dblp.org/db/journals/idt/idt6.html
Appl. Soft Comput. 11 2011|https://dblp.org/db/journals/asc/asc11.html
IJSDS 2 2011|https://dblp.org/db/journals/ijsds/ijsds2.html
CISDA 2011|https://dblp.org/db/conf/cisda/cisda2011.html
IJIDSS 3 2010|https://dblp.org/db/journals/ijidss/ijidss3.html
IJCNN 2010|https://dblp.org/db/conf/ijcnn/ijcnn2010.html
SMC 2010|https://dblp.org/db/conf/smc/smc2010.html
SMC 2009|https://dblp.org/db/conf/smc/smc2009.html
KES Journal 12 2008|https://dblp.org/db/journals/kes/kes12.html
SMC 2008|https://dblp.org/db/conf/smc/smc2008.html
Pattern Recognition 40 2007|https://dblp.org/db/journals/pr/pr40.html
WILF 2005|https://dblp.org/db/conf/wilf/wilf2005.html
IEEE Trans. Systems, Man, and Cybernetics, Part B 34 2004|https://dblp.org/db/journals/tsmc/tsmcb34.html
KES 2003|https://dblp.org/db/conf/kes/kes2003-2.html
SMC 2003|https://dblp.org/db/conf/smc/smc2003.html
IGARSS 2002|https://dblp.org/db/conf/igarss/igarss2002.html
Expert Syst. Appl. 73 2017|https://dblp.org/db/journals/eswa/eswa73.html
ESANN 2017|https://dblp.org/db/conf/esann/esann2017.html
RFID-TA 2017|https://dblp.org/db/conf/rfidta/rfidta2017.html
IECON 2016|https://dblp.org/db/conf/iecon/iecon2016.html
SMARTCOMP 2016|https://dblp.org/db/conf/smartcomp/smartcomp2016.html
I2MTC 2015|https://dblp.org/db/conf/i2mtc/i2mtc2015.html
J. of IT & Tourism 20 2018|https://dblp.org/db/journals/jitt/jitt20.html
IDEAL (1) 2018|https://dblp.org/db/conf/ideal/ideal2018-1.html
SEBD 2018|https://dblp.org/db/conf/sebd/sebd2018.html
Cognitive Computation 9 2017|https://dblp.org/db/journals/cogcom/cogcom9.html
ICWE 2017|https://dblp.org/db/conf/icwe/icwe2017.html
CoRR abs/1704.05393 2017|https://dblp.org/db/journals/corr/corr1704.html
CoRR abs/1707.06932 2017|https://dblp.org/db/journals/corr/corr1707.html
CLEI Electron. J. 18 2015|https://dblp.org/db/journals/cleiej/cleiej18.html
FUZZ-IEEE 2016|https://dblp.org/db/conf/fuzzIEEE/fuzzIEEE2016.html
Int. J. Intell. Syst. 35 2020|https://dblp.org/db/journals/ijis/ijis35.html
Neurocomputing 374 2020|https://dblp.org/db/journals/ijon/ijon374.html
Neurocomputing 375 2020|https://dblp.org/db/journals/ijon/ijon375.html
Inf. Sci. 508 2020|https://dblp.org/db/journals/isci/isci508.html
Inf. Sci. 514 2020|https://dblp.org/db/journals/isci/isci514.html
J. Ambient Intelligence and Humanized Computing 11 2020|https://dblp.org/db/journals/jaihc/jaihc11.html
Advances in Intelligent Systems and Computing 2020|https://dblp.org/db/series/asc/index.html
CoRR abs/2001.05759 2020|https://dblp.org/db/journals/corr/corr2001.html
IEEE Comp. Int. Mag. 14 2019|https://dblp.org/db/journals/cim/cim14.html
Eng. Appl. of AI 82 2019|https://dblp.org/db/journals/eaai/eaai82.html
European Journal of Operational Research 275 2019|https://dblp.org/db/journals/eor/eor275.html
Expert Syst. Appl. 118 2019|https://dblp.org/db/journals/eswa/eswa118.html
Fuzzy Sets and Systems 362 2019|https://dblp.org/db/journals/fss/fss362.html
Int. J. Comput. Intell. Syst. 12 2019|https://dblp.org/db/journals/ijcisys/ijcisys12.html
Int. J. Intell. Syst. 34 2019|https://dblp.org/db/journals/ijis/ijis34.html
Neurocomputing 326-327 2019|https://dblp.org/db/journals/ijon/ijon326.html
Neurocomputing 330 2019|https://dblp.org/db/journals/ijon/ijon330.html
Neurocomputing 353 2019|https://dblp.org/db/journals/ijon/ijon353.html
Neurocomputing 354 2019|https://dblp.org/db/journals/ijon/ijon354.html
Neurocomputing 360 2019|https://dblp.org/db/journals/ijon/ijon360.html
Information Fusion 48 2019|https://dblp.org/db/journals/inffus/inffus48.html
Information Fusion 49 2019|https://dblp.org/db/journals/inffus/inffus49.html
Information Fusion 50 2019|https://dblp.org/db/journals/inffus/inffus50.html
Information Fusion 51 2019|https://dblp.org/db/journals/inffus/inffus51.html
Information Fusion 52 2019|https://dblp.org/db/journals/inffus/inffus52.html
Inf. Sci. 474 2019|https://dblp.org/db/journals/isci/isci474.html
Inf. Sci. 479 2019|https://dblp.org/db/journals/isci/isci479.html
Inf. Sci. 480 2019|https://dblp.org/db/journals/isci/isci480.html
Inf. Sci. 486 2019|https://dblp.org/db/journals/isci/isci486.html
Inf. Sci. 489 2019|https://dblp.org/db/journals/isci/isci489.html
Inf. Sci. 505 2019|https://dblp.org/db/journals/isci/isci505.html
Knowl. Inf. Syst. 59 2019|https://dblp.org/db/journals/kais/kais59.html
Knowl. Inf. Syst. 60 2019|https://dblp.org/db/journals/kais/kais60.html
Knowl.-Based Syst. 163 2019|https://dblp.org/db/journals/kbs/kbs163.html
Knowl.-Based Syst. 173 2019|https://dblp.org/db/journals/kbs/kbs173.html
Knowl.-Based Syst. 174 2019|https://dblp.org/db/journals/kbs/kbs174.html
Knowl.-Based Syst. 180 2019|https://dblp.org/db/journals/kbs/kbs180.html
Knowl.-Based Syst. 184 2019|https://dblp.org/db/journals/kbs/kbs184.html
Knowl.-Based Syst. 186 2019|https://dblp.org/db/journals/kbs/kbs186.html
Progress in AI 8 2019|https://dblp.org/db/journals/pai/pai8.html
Remote Sensing 11 2019|https://dblp.org/db/journals/remotesensing/remotesensing11.html
Soft Comput. 23 2019|https://dblp.org/db/journals/soco/soco23.html
Swarm and Evolutionary Computation 48 2019|https://dblp.org/db/journals/swevo/swevo48.html
IEEE Trans. Fuzzy Systems 27 2019|https://dblp.org/db/journals/tfs/tfs27.html
Wiley Interdiscip. Rev. Data Min. Knowl. Discov. 9 2019|https://dblp.org/db/journals/widm/widm9.html
CEC 2019|https://dblp.org/db/conf/cec/cec2019.html
FedCSIS 2019|https://dblp.org/db/conf/fedcsis/fedcsis2019.html
IoTBDS 2019|https://dblp.org/db/conf/iotbd/iotbd2019.html
IWINAC (2) 2019|https://dblp.org/db/conf/iwinac/iwinac2019-2.html
JCC&BD 2019|https://dblp.org/db/conf/jcc-bd/jcc-bd2019.html
CoRR abs/1907.12740 2019|https://dblp.org/db/journals/corr/corr1907.html
Appl. Soft Comput. 67 2018|https://dblp.org/db/journals/asc/asc67.html
BMC Bioinformatics 19 2018|https://dblp.org/db/journals/bmcbi/bmcbi19.html
Computers & Industrial Engineering 126 2018|https://dblp.org/db/journals/candie/candie126.html
IEEE Comp. Int. Mag. 13 2018|https://dblp.org/db/journals/cim/cim13.html
Cognitive Computation 10 2018|https://dblp.org/db/journals/cogcom/cogcom10.html
Future Generation Comp. Syst. 86 2018|https://dblp.org/db/journals/fgcs/fgcs86.html
Fuzzy Sets and Systems 353 2018|https://dblp.org/db/journals/fss/fss353.html
Integrated Computer-Aided Engineering 25 2018|https://dblp.org/db/journals/icae/icae25.html
Int. J. Fuzzy Syst. 20 2018|https://dblp.org/db/journals/ijfs/ijfs20.html
Int. J. Intell. Syst. 33 2018|https://dblp.org/db/journals/ijis/ijis33.html
Neurocomputing 275 2018|https://dblp.org/db/journals/ijon/ijon275.html
Neurocomputing 285 2018|https://dblp.org/db/journals/ijon/ijon285.html
Neurocomputing 289 2018|https://dblp.org/db/journals/ijon/ijon289.html
International Journal of Uncertainty, Fuzziness and Knowledge-Based Systems 26 2018|https://dblp.org/db/journals/ijufks/ijufks26.html
Information Fusion 42 2018|https://dblp.org/db/journals/inffus/inffus42.html
Information Fusion 44 2018|https://dblp.org/db/journals/inffus/inffus44.html
Inf. Sci. 432 2018|https://dblp.org/db/journals/isci/isci432.html
Inf. Sci. 433-434 2018|https://dblp.org/db/journals/isci/isci433.html
Inf. Sci. 445-446 2018|https://dblp.org/db/journals/isci/isci445.html
J. Artif. Intell. Res. 61 2018|https://dblp.org/db/journals/jair/jair61.html
Knowl. Inf. Syst. 56 2018|https://dblp.org/db/journals/kais/kais56.html
Knowl.-Based Syst. 139 2018|https://dblp.org/db/journals/kbs/kbs139.html
Knowl.-Based Syst. 140 2018|https://dblp.org/db/journals/kbs/kbs140.html
Knowl.-Based Syst. 145 2018|https://dblp.org/db/journals/kbs/kbs145.html
Knowl.-Based Syst. 147 2018|https://dblp.org/db/journals/kbs/kbs147.html
Knowl.-Based Syst. 150 2018|https://dblp.org/db/journals/kbs/kbs150.html
Knowl.-Based Syst. 153 2018|https://dblp.org/db/journals/kbs/kbs153.html
Knowl.-Based Syst. 157 2018|https://dblp.org/db/journals/kbs/kbs157.html
Knowl.-Based Syst. 161 2018|https://dblp.org/db/journals/kbs/kbs161.html
Multiple-Valued Logic and Soft Computing 30 2018|https://dblp.org/db/journals/mvl/mvl30.html
Pattern Recognition 83 2018|https://dblp.org/db/journals/pr/pr83.html
Swarm and Evolutionary Computation 38 2018|https://dblp.org/db/journals/swevo/swevo38.html
IEEE Trans. Cloud Computing 6 2018|https://dblp.org/db/journals/tcc/tcc6.html
IEEE Trans. Fuzzy Systems 26 2018|https://dblp.org/db/journals/tfs/tfs26.html
IEEE Trans. Systems, Man, and Cybernetics: Systems 48 2018|https://dblp.org/db/journals/tsmc/tsmc48.html
CAEPIA 2018|https://dblp.org/db/conf/caepia/caepia2018.html
CEC 2018|https://dblp.org/db/conf/cec/cec2018.html
GECCO 2018|https://dblp.org/db/conf/gecco/gecco2018.html
HAIS 2018|https://dblp.org/db/conf/hais/hais2018.html
IPMU (3) 2018|https://dblp.org/db/conf/ipmu/ipmu2018-3.html
LOPAL 2018|https://dblp.org/db/conf/lopal/lopal2018.html
TASS@SEPLN 2018|https://dblp.org/db/conf/sepln/tass2018.html
CoRR abs/1801.01586 2018|https://dblp.org/db/journals/corr/corr1801.html
CoRR abs/1802.03568 2018|https://dblp.org/db/journals/corr/corr1802.html
CoRR abs/1804.00516 2018|https://dblp.org/db/journals/corr/corr1804.html
CoRR abs/1811.12044 2018|https://dblp.org/db/journals/corr/corr1811.html
CoRR abs/1812.05944 2018|https://dblp.org/db/journals/corr/corr1812.html
Adv. Data Analysis and Classification 11 2017|https://dblp.org/db/journals/adac/adac11.html
Appl. Soft Comput. 56 2017|https://dblp.org/db/journals/asc/asc56.html
IEEE Comp. Int. Mag. 12 2017|https://dblp.org/db/journals/cim/cim12.html
IEEE Intelligent Systems 32 2017|https://dblp.org/db/journals/expert/expert32.html
Int. J. Comput. Intell. Syst. 10 2017|https://dblp.org/db/journals/ijcisys/ijcisys10.html
Int. J. Intell. Syst. 32 2017|https://dblp.org/db/journals/ijis/ijis32.html
Int. J. Neural Syst. 27 2017|https://dblp.org/db/journals/ijns/ijns27.html
Neurocomputing 239 2017|https://dblp.org/db/journals/ijon/ijon239.html
Information Fusion 33 2017|https://dblp.org/db/journals/inffus/inffus33.html
Information Fusion 36 2017|https://dblp.org/db/journals/inffus/inffus36.html
Information Fusion 38 2017|https://dblp.org/db/journals/inffus/inffus38.html
Inf. Sci. 397 2017|https://dblp.org/db/journals/isci/isci397.html
Inf. Sci. 408 2017|https://dblp.org/db/journals/isci/isci408.html
Knowl.-Based Syst. 117 2017|https://dblp.org/db/journals/kbs/kbs117.html
Knowl.-Based Syst. 125 2017|https://dblp.org/db/journals/kbs/kbs125.html
Knowl.-Based Syst. 126 2017|https://dblp.org/db/journals/kbs/kbs126.html
Progress in AI 6 2017|https://dblp.org/db/journals/pai/pai6.html
Pattern Recognition 70 2017|https://dblp.org/db/journals/pr/pr70.html
Remote Sensing 9 2017|https://dblp.org/db/journals/remotesensing/remotesensing9.html
Soft Comput. 21 2017|https://dblp.org/db/journals/soco/soco21.html
IEEE Trans. Evolutionary Computation 21 2017|https://dblp.org/db/journals/tec/tec21.html
IEEE Trans. Systems, Man, and Cybernetics: Systems 47 2017|https://dblp.org/db/journals/tsmc/tsmc47.html
CEC 2017|https://dblp.org/db/conf/cec/cec2017.html
HAIS 2017|https://dblp.org/db/conf/hais/hais2017.html
ICNC-FSKD 2017|https://dblp.org/db/conf/icnc/icnc2017.html
CoRR abs/1702.03594 2017|https://dblp.org/db/journals/corr/corr1702.html
CoRR abs/1703.07270 2017|https://dblp.org/db/journals/corr/corr1703.html
CoRR abs/1706.00917 2017|https://dblp.org/db/journals/corr/corr1706.html
Appl. Soft Comput. 38 2016|https://dblp.org/db/journals/asc/asc38.html
Eng. Appl. of AI 48 2016|https://dblp.org/db/journals/eaai/eaai48.html
Int. J. Approx. Reasoning 73 2016|https://dblp.org/db/journals/ijar/ijar73.html
Int. J. Comput. Intell. Syst. 9 2016|https://dblp.org/db/journals/ijcisys/ijcisys9.html
Neurocomputing 176 2016|https://dblp.org/db/journals/ijon/ijon176.html
Information Fusion 27 2016|https://dblp.org/db/journals/inffus/inffus27.html
Information Fusion 29 2016|https://dblp.org/db/journals/inffus/inffus29.html
Information Fusion 32 2016|https://dblp.org/db/journals/inffus/inffus32.html
Inf. Sci. 328 2016|https://dblp.org/db/journals/isci/isci328.html
Inf. Sci. 354 2016|https://dblp.org/db/journals/isci/isci354.html
Inf. Sci. 355-356 2016|https://dblp.org/db/journals/isci/isci355.html
Inf. Sci. 367-368 2016|https://dblp.org/db/journals/isci/isci367.html
Inf. Sci. 373 2016|https://dblp.org/db/journals/isci/isci373.html
Knowl.-Based Syst. 98 2016|https://dblp.org/db/journals/kbs/kbs98.html
Knowl.-Based Syst. 99 2016|https://dblp.org/db/journals/kbs/kbs99.html
Knowl.-Based Syst. 106 2016|https://dblp.org/db/journals/kbs/kbs106.html
Pattern Recognition 53 2016|https://dblp.org/db/journals/pr/pr53.html
IEEE Trans. Cybernetics 46 2016|https://dblp.org/db/journals/tcyb/tcyb46.html
IEEE Trans. Fuzzy Systems 24 2016|https://dblp.org/db/journals/tfs/tfs24.html
TOMM 12 2016|https://dblp.org/db/journals/tomccap/tomccap12.html
Wiley Interdiscip. Rev. Data Min. Knowl. Discov. 6 2016|https://dblp.org/db/journals/widm/widm6.html
Fuzzy Logic and Information Fusion 2016|https://dblp.org/db/conf/birthday/mayor2016.html
ETFA 2016|https://dblp.org/db/conf/etfa/etfa2016.html
HAIS 2016|https://dblp.org/db/conf/hais/hais2016.html
iThings/GreenCom/CPSCom/SmartData 2016|https://dblp.org/db/conf/ithings/ithings2016.html
Fuzzy Logic in Its 50th Year 2016|https://dblp.org/db/series/sfsc/sfsc341.html
CoRR abs/1610.04154 2016|https://dblp.org/db/journals/corr/corr1610.html
Intelligent Systems Reference Library 2015|https://dblp.org/db/series/isrl/index.html
Appl. Soft Comput. 35 2015|https://dblp.org/db/journals/asc/asc35.html
Fuzzy Sets and Systems 258 2015|https://dblp.org/db/journals/fss/fss258.html
Int. J. Comput. Intell. Syst. 8 2015|https://dblp.org/db/journals/ijcisys/ijcisys8.html
Neurocomputing 150 2015|https://dblp.org/db/journals/ijon/ijon150.html
Neurocomputing 163 2015|https://dblp.org/db/journals/ijon/ijon163.html
Inf. Sci. 291 2015|https://dblp.org/db/journals/isci/isci291.html
Inf. Sci. 292 2015|https://dblp.org/db/journals/isci/isci292.html
Inf. Sci. 297 2015|https://dblp.org/db/journals/isci/isci297.html
Inf. Sci. 301 2015|https://dblp.org/db/journals/isci/isci301.html
Inf. Sci. 315 2015|https://dblp.org/db/journals/isci/isci315.html
Knowl. Inf. Syst. 42 2015|https://dblp.org/db/journals/kais/kais42.html
Knowl.-Based Syst. 73 2015|https://dblp.org/db/journals/kbs/kbs73.html
Knowl.-Based Syst. 80 2015|https://dblp.org/db/journals/kbs/kbs80.html
Knowl.-Based Syst. 81 2015|https://dblp.org/db/journals/kbs/kbs81.html
Knowl.-Based Syst. 87 2015|https://dblp.org/db/journals/kbs/kbs87.html
Knowl.-Based Syst. 89 2015|https://dblp.org/db/journals/kbs/kbs89.html
Knowl.-Based Syst. 90 2015|https://dblp.org/db/journals/kbs/kbs90.html
New Generation Comput. 33 2015|https://dblp.org/db/journals/ngc/ngc33.html
Pattern Recognition 48 2015|https://dblp.org/db/journals/pr/pr48.html
IEEE Trans. Cybernetics 45 2015|https://dblp.org/db/journals/tcyb/tcyb45.html
IEEE Trans. Fuzzy Systems 23 2015|https://dblp.org/db/journals/tfs/tfs23.html
A Passion for Fuzzy Sets 2015|https://dblp.org/db/conf/birthday/trillas2015.html
CEC 2015|https://dblp.org/db/conf/cec/cec2015.html
CORES 2015|https://dblp.org/db/conf/cores/cores2015.html
EANN 2015|https://dblp.org/db/conf/eann/eann2015c.html
EUROCON 2015|https://dblp.org/db/conf/eurocon/eurocon2015.html
HAIS 2015|https://dblp.org/db/conf/hais/hais2015.html
IDEAL 2015|https://dblp.org/db/conf/ideal/ideal2015.html
TrustCom/BigDataSE/ISPA (2) 2015|https://dblp.org/db/conf/trustcom/trustcom2015-2.html
Appl. Soft Comput. 22 2014|https://dblp.org/db/journals/asc/asc22.html
Eng. Appl. of AI 32 2014|https://dblp.org/db/journals/eaai/eaai32.html
Int. J. Intell. Syst. 29 2014|https://dblp.org/db/journals/ijis/ijis29.html
IJLT 9 2014|https://dblp.org/db/journals/ijlt/ijlt9.html
Neurocomputing 126 2014|https://dblp.org/db/journals/ijon/ijon126.html
Neurocomputing 132 2014|https://dblp.org/db/journals/ijon/ijon132.html
Information Fusion 20 2014|https://dblp.org/db/journals/inffus/inffus20.html
Inf. Sci. 257 2014|https://dblp.org/db/journals/isci/isci257.html
Inf. Sci. 258 2014|https://dblp.org/db/journals/isci/isci258.html
Inf. Sci. 260 2014|https://dblp.org/db/journals/isci/isci260.html
Inf. Sci. 262 2014|https://dblp.org/db/journals/isci/isci262.html
Inf. Sci. 264 2014|https://dblp.org/db/journals/isci/isci264.html
Inf. Sci. 280 2014|https://dblp.org/db/journals/isci/isci280.html
Inf. Sci. 285 2014|https://dblp.org/db/journals/isci/isci285.html
Inf. Sci. 287 2014|https://dblp.org/db/journals/isci/isci287.html
Inf. Sci. 289 2014|https://dblp.org/db/journals/isci/isci289.html
Knowl. Inf. Syst. 38 2014|https://dblp.org/db/journals/kais/kais38.html
Knowl.-Based Syst. 58 2014|https://dblp.org/db/journals/kbs/kbs58.html
Knowl.-Based Syst. 59 2014|https://dblp.org/db/journals/kbs/kbs59.html
Progress in AI 3 2014|https://dblp.org/db/journals/pai/pai3.html
Pattern Recognition 47 2014|https://dblp.org/db/journals/pr/pr47.html
Scientometrics 101 2014|https://dblp.org/db/journals/scientometrics/scientometrics101.html
IEEE Trans. Evolutionary Computation 18 2014|https://dblp.org/db/journals/tec/tec18.html
IEEE Trans. Fuzzy Systems 22 2014|https://dblp.org/db/journals/tfs/tfs22.html
IEEE Trans. Information Forensics and Security 9 2014|https://dblp.org/db/journals/tifs/tifs9.html
IEEE Trans. Neural Netw. Learning Syst. 25 2014|https://dblp.org/db/journals/tnn/tnn25.html
Wiley Interdiscip. Rev. Data Min. Knowl. Discov. 4 2014|https://dblp.org/db/journals/widm/widm4.html
IEEE Congress on Evolutionary Computation 2014|https://dblp.org/db/conf/cec/cec2014.html
FUSION 2014|https://dblp.org/db/conf/fusion/fusion2014.html
FUZZ-IEEE 2014|https://dblp.org/db/conf/fuzzIEEE/fuzzIEEE2014.html
HAIS 2014|https://dblp.org/db/conf/hais/hais2014.html
IDEAL 2014|https://dblp.org/db/conf/ideal/ideal2014.html
IPMU (3) 2014|https://dblp.org/db/conf/ipmu/ipmu2014-3.html
Inf. Sci. 241 2013|https://dblp.org/db/journals/isci/isci241.html
Inf. Sci. 247 2013|https://dblp.org/db/journals/isci/isci247.html
Inf. Sci. 250 2013|https://dblp.org/db/journals/isci/isci250.html
JASIST 64 2013|https://dblp.org/db/journals/jasis/jasis64.html
Knowl.-Based Syst. 38 2013|https://dblp.org/db/journals/kbs/kbs38.html
Knowl.-Based Syst. 42 2013|https://dblp.org/db/journals/kbs/kbs42.html
Pattern Recognition 46 2013|https://dblp.org/db/journals/pr/pr46.html
Soft Comput. 17 2013|https://dblp.org/db/journals/soco/soco17.html
IEEE Trans. Knowl. Data Eng. 25 2013|https://dblp.org/db/journals/tkde/tkde25.html
A Tribute to Prof. Dr. Da Ruan 2013|https://dblp.org/db/conf/birthday/daruan2013.html
IEEE Congress on Evolutionary Computation 2013|https://dblp.org/db/conf/cec/cec2013.html
HAIS 2013|https://dblp.org/db/conf/hais/hais2013.html
RSFDGrC 2013|https://dblp.org/db/conf/rsfdgrc/rsfdgrc2013.html
SDE 2013|https://dblp.org/db/conf/sdiev/sdiev2013.html
CoRR abs/1302.0608 2013|https://dblp.org/db/journals/corr/corr1302.html
CoRR abs/1305.1216 2013|https://dblp.org/db/journals/corr/corr1305.html
Expert Syst. Appl. 39 2012|https://dblp.org/db/journals/eswa/eswa39.html
Neurocomputing 97 2012|https://dblp.org/db/journals/ijon/ijon97.html
International Journal of Uncertainty, Fuzziness and Knowledge-Based Systems 20 2012|https://dblp.org/db/journals/ijufks/ijufks20.html
Inf. Sci. 185 2012|https://dblp.org/db/journals/isci/isci185.html
Inf. Sci. 186 2012|https://dblp.org/db/journals/isci/isci186.html
Inf. Sci. 207 2012|https://dblp.org/db/journals/isci/isci207.html
JASIST 63 2012|https://dblp.org/db/journals/jasis/jasis63.html
J. Intelligent Manufacturing 23 2012|https://dblp.org/db/journals/jim/jim23.html
Knowl. Inf. Syst. 32 2012|https://dblp.org/db/journals/kais/kais32.html
Knowl. Inf. Syst. 33 2012|https://dblp.org/db/journals/kais/kais33.html
Knowl.-Based Syst. 25 2012|https://dblp.org/db/journals/kbs/kbs25.html
Progress in AI 1 2012|https://dblp.org/db/journals/pai/pai1.html
IEEE Trans. Pattern Anal. Mach. Intell. 34 2012|https://dblp.org/db/journals/pami/pami34.html
Pattern Recognition 45 2012|https://dblp.org/db/journals/pr/pr45.html
Scientometrics 93 2012|https://dblp.org/db/journals/scientometrics/scientometrics93.html
Soft Comput. 16 2012|https://dblp.org/db/journals/soco/soco16.html
IEEE Trans. Intelligent Transportation Systems 13 2012|https://dblp.org/db/journals/tits/tits13.html
IEEE Trans. Neural Netw. Learning Syst. 23 2012|https://dblp.org/db/journals/tnn/tnn23.html
IEEE Trans. Systems, Man, and Cybernetics, Part C 42 2012|https://dblp.org/db/journals/tsmc/tsmcc42.html
IEEE Trans. Systems, Man, and Cybernetics, Part B 42 2012|https://dblp.org/db/journals/tsmc/tsmcb42.html
HAIS (2) 2012|https://dblp.org/db/conf/hais/hais2012-2.html
IBERAMIA 2012|https://dblp.org/db/conf/iberamia/iberamia2012.html
IPMU (1) 2012|https://dblp.org/db/conf/ipmu/ipmu2012-1.html
KMO 2012|https://dblp.org/db/conf/kmo/kmo2012.html
Combining Experimentation and Theory 2012|https://dblp.org/db/series/sfsc/TrillasBMK12.html
Appl. Intell. 34 2011|https://dblp.org/db/journals/apin/apin34.html
Int. J. Approx. Reasoning 52 2011|https://dblp.org/db/journals/ijar/ijar52.html
JASIST 62 2011|https://dblp.org/db/journals/jasis/jasis62.html
J. Informetrics 5 2011|https://dblp.org/db/journals/joi/joi5.html
Knowl. Inf. Syst. 29 2011|https://dblp.org/db/journals/kais/kais29.html
Multiple-Valued Logic and Soft Computing 17 2011|https://dblp.org/db/journals/mvl/mvl17.html
Pattern Recognition 44 2011|https://dblp.org/db/journals/pr/pr44.html
Scientometrics 88 2011|https://dblp.org/db/journals/scientometrics/scientometrics88.html
Swarm and Evolutionary Computation 1 2011|https://dblp.org/db/journals/swevo/swevo1.html
Eurofuse 2011|https://dblp.org/db/conf/eurofuse/eurofuse2011.html
HAIS (1) 2011|https://dblp.org/db/conf/hais/hais2011-1.html
HAIS (2) 2011|https://dblp.org/db/conf/hais/hais2011-2.html
IWANN (1) 2011|https://dblp.org/db/conf/iwann/iwann2011-1.html
NaBIC 2011|https://dblp.org/db/conf/nabic/nabic2011.html
T2FUZZ 2011|https://dblp.org/db/conf/t2fuzz/t2fuzz2011.html
Recent Developments in the Ordered Weighted Averaging Operators 2011|https://dblp.org/db/series/sfsc/Yager11.html
Evolutionary Computation 18 2010|https://dblp.org/db/journals/ec/ec18.html
Fuzzy Sets and Systems 161 2010|https://dblp.org/db/journals/fss/fss161.html
Fundam. Inform. 98 2010|https://dblp.org/db/journals/fuin/fuin98.html
Int. J. of Applied Metaheuristic Computing 1 2010|https://dblp.org/db/journals/ijamc-igi/ijamc-igi1.html
Int. J. Comput. Intell. Syst. 3 2010|https://dblp.org/db/journals/ijcisys/ijcisys3.html
Int. J. Hybrid Intell. Syst. 7 2010|https://dblp.org/db/journals/ijhis/ijhis7.html
International Journal of Uncertainty, Fuzziness and Knowledge-Based Systems 18 2010|https://dblp.org/db/journals/ijufks/ijufks18.html
Inf. Sci. 180 2010|https://dblp.org/db/journals/isci/isci180.html
JASIST 61 2010|https://dblp.org/db/journals/jasis/jasis61.html
J. Informetrics 4 2010|https://dblp.org/db/journals/joi/joi4.html
Memetic Computing 2 2010|https://dblp.org/db/journals/memetic/memetic2.html
Neural Networks 23 2010|https://dblp.org/db/journals/nn/nn23.html
Pattern Recognition 43 2010|https://dblp.org/db/journals/pr/pr43.html
Scientometrics 82 2010|https://dblp.org/db/journals/scientometrics/scientometrics82.html
IEEE Trans. Evolutionary Computation 14 2010|https://dblp.org/db/journals/tec/tec14.html
IEEE Trans. Neural Networks 21 2010|https://dblp.org/db/journals/tnn/tnn21.html
IEEE Trans. Systems, Man, and Cybernetics, Part C 40 2010|https://dblp.org/db/journals/tsmc/tsmcc40.html
IEEE Congress on Evolutionary Computation 2010|https://dblp.org/db/conf/cec/cec2010.html
ICPR Contests 2010|https://dblp.org/db/conf/icpr/contests2010.html
IEA/AIE (1) 2010|https://dblp.org/db/conf/ieaaie/ieaaie2010-1.html
IPMU 2010|https://dblp.org/db/conf/ipmu/ipmu2010.html
IPMU (1) 2010|https://dblp.org/db/conf/ipmu/ipmu2010-1.html
ISDA 2010|https://dblp.org/db/conf/isda/isda2010.html
Intelligent Systems for Automated Learning and Adaptation 2010|https://dblp.org/db/books/collections/Chiong2010.html
Appl. Soft Comput. 9 2009|https://dblp.org/db/journals/asc/asc9.html
Evolutionary Computation 17 2009|https://dblp.org/db/journals/ec/ec17.html
Expert Syst. Appl. 36 2009|https://dblp.org/db/journals/eswa/eswa36.html
FO & DM 8 2009|https://dblp.org/db/journals/fodm/fodm8.html
J. Heuristics 15 2009|https://dblp.org/db/journals/heuristics/heuristics15.html
Int. J. Hybrid Intell. Syst. 6 2009|https://dblp.org/db/journals/ijhis/ijhis6.html
International Journal of Information Technology and Decision Making 8 2009|https://dblp.org/db/journals/ijitdm/ijitdm8.html
IJPRAI 23 2009|https://dblp.org/db/journals/ijprai/ijprai23.html
Inf. Res. 14 2009|https://dblp.org/db/journals/ires/ires14.html
Inf. Sci. 179 2009|https://dblp.org/db/journals/isci/isci179.html
JASIST 60 2009|https://dblp.org/db/journals/jasis/jasis60.html
J. Informetrics 3 2009|https://dblp.org/db/journals/joi/joi3.html
IEEE Congress on Evolutionary Computation 2009|https://dblp.org/db/conf/cec/cec2009.html
GECCO (Companion) 2009|https://dblp.org/db/conf/gecco/gecco2009c.html
IDEAL 2009|https://dblp.org/db/conf/ideal/ideal2009.html
IWANN (1) 2009|https://dblp.org/db/conf/iwann/iwann2009-1.html
LION 2009|https://dblp.org/db/conf/lion/lion2009.html
Studies in Computational Intelligence 2009|https://dblp.org/db/series/sci/index.html
European Journal of Operational Research 185 2008|https://dblp.org/db/journals/eor/eor185.html
Expert Syst. Appl. 35 2008|https://dblp.org/db/journals/eswa/eswa35.html
Evolutionary Intelligence 1 2008|https://dblp.org/db/journals/evi/evi1.html
Fuzzy Sets and Systems 159 2008|https://dblp.org/db/journals/fss/fss159.html
Int. J. Intell. Syst. 23 2008|https://dblp.org/db/journals/ijis/ijis23.html
International Journal of Uncertainty, Fuzziness and Knowledge-Based Systems 16 2008|https://dblp.org/db/journals/ijufks/ijufks16.html
Inf. Sci. 178 2008|https://dblp.org/db/journals/isci/isci178.html
Multiple-Valued Logic and Soft Computing 14 2008|https://dblp.org/db/journals/mvl/mvl14.html
Pattern Recognition 41 2008|https://dblp.org/db/journals/pr/pr41.html
Pattern Recognition Letters 29 2008|https://dblp.org/db/journals/prl/prl29.html
IEEE Trans. Evolutionary Computation 12 2008|https://dblp.org/db/journals/tec/tec12.html
IEEE Trans. Fuzzy Systems 16 2008|https://dblp.org/db/journals/tfs/tfs16.html
FUZZ-IEEE 2008|https://dblp.org/db/conf/fuzzIEEE/fuzzIEEE2008.html
GEFS 2008|https://dblp.org/db/conf/gefs/gefs2008.html
Hybrid Metaheuristics 2008|https://dblp.org/db/conf/hm/hm2008.html
Fuzzy Sets and Their Extensions: Representation, Aggregation and Models 2008|https://dblp.org/db/series/sfsc/sfsc220.html
Data Knowl. Eng. 60 2007|https://dblp.org/db/journals/dke/dke60.html
European Journal of Operational Research 180 2007|https://dblp.org/db/journals/eor/eor180.html
European Journal of Operational Research 182 2007|https://dblp.org/db/journals/eor/eor182.html
IEEE Trans. Systems, Man, and Cybernetics, Part B 37 2007|https://dblp.org/db/journals/tsmc/tsmcb37.html
MCDM 2007|https://dblp.org/db/conf/cimcdm/cimcdm2007.html
IFSA (2) 2007|https://dblp.org/db/conf/ifsa/ifsa2007-2.html
IWANN 2007|https://dblp.org/db/conf/iwann/iwann2007.html
WILF 2007|https://dblp.org/db/conf/wilf/wilf2007.html
Appl. Soft Comput. 6 2006|https://dblp.org/db/journals/asc/asc6.html
European Journal of Operational Research 169 2006|https://dblp.org/db/journals/eor/eor169.html
Inf. Sci. 176 2006|https://dblp.org/db/journals/isci/isci176.html
ICAISC 2006|https://dblp.org/db/conf/icaisc/icaisc2006.html
IDEAL 2006|https://dblp.org/db/conf/ideal/ideal2006.html
Industrial Conference on Data Mining 2006|https://dblp.org/db/conf/incdm/incdm2006.html
European Journal of Operational Research 166 2005|https://dblp.org/db/journals/eor/eor166.html
Int. J. Intell. Syst. 20 2005|https://dblp.org/db/journals/ijis/ijis20.html
Pattern Recognition Letters 26 2005|https://dblp.org/db/journals/prl/prl26.html
Soft Comput. 9 2005|https://dblp.org/db/journals/soco/soco9.html
IEEE Trans. Fuzzy Systems 13 2005|https://dblp.org/db/journals/tfs/tfs13.html
Congress on Evolutionary Computation 2005|https://dblp.org/db/conf/cec/cec2005.html
EUSFLAT Conf. 2005|https://dblp.org/db/conf/eusflat/eusflat2005.html
Intelligent Data Mining 2005|https://dblp.org/db/series/sci/sci5.html
Evolutionary Computation 12 2004|https://dblp.org/db/journals/ec/ec12.html
European Journal of Operational Research 154 2004|https://dblp.org/db/journals/eor/eor154.html
Fuzzy Sets and Systems 141 2004|https://dblp.org/db/journals/fss/fss141.html
Fuzzy Sets and Systems 148 2004|https://dblp.org/db/journals/fss/fss148.html
Int. J. Hybrid Intell. Syst. 1 2004|https://dblp.org/db/journals/ijhis/ijhis1.html
Int. J. Intell. Syst. 19 2004|https://dblp.org/db/journals/ijis/ijis19.html
Kybernetika 40 2004|https://dblp.org/db/journals/kybernetika/kybernetika40.html
ANTS Workshop 2004|https://dblp.org/db/conf/antsw/antsw2004.html
MDAI 2004|https://dblp.org/db/conf/mdai/mdai2004.html
Fuzzy Sets and Systems 137 2003|https://dblp.org/db/journals/fss/fss137.html
Fuzzy Sets and Systems 138 2003|https://dblp.org/db/journals/fss/fss138.html
Int. J. Intell. Syst. 18 2003|https://dblp.org/db/journals/ijis/ijis18.html
J. Intelligent Manufacturing 14 2003|https://dblp.org/db/journals/jim/jim14.html
Soft Comput. 7 2003|https://dblp.org/db/journals/soco/soco7.html
IEEE Trans. Evolutionary Computation 7 2003|https://dblp.org/db/journals/tec/tec7.html
IEEE Trans. Fuzzy Systems 11 2003|https://dblp.org/db/journals/tfs/tfs11.html
Fuzzy Sets and Systems 131 2002|https://dblp.org/db/journals/fss/fss131.html
Journal of Intelligent and Fuzzy Systems 12 2002|https://dblp.org/db/journals/jifs/jifs12.html
Soft Comput. 6 2002|https://dblp.org/db/journals/soco/soco6.html
IEEE Trans. Fuzzy Systems 10 2002|https://dblp.org/db/journals/tfs/tfs10.html
IEEE Trans. Systems, Man, and Cybernetics, Part A 32 2002|https://dblp.org/db/journals/tsmc/tsmca32.html
IEEE Trans. Systems, Man, and Cybernetics, Part B 32 2002|https://dblp.org/db/journals/tsmc/tsmcb32.html
Ant Algorithms 2002|https://dblp.org/db/conf/antalg/antalg2002.html
Advances in Fuzzy Systems - Applications and Theory 2001|https://dblp.org/db/series/afsat/index.html
European Journal of Operational Research 129 2001|https://dblp.org/db/journals/eor/eor129.html
Fuzzy Sets and Systems 118 2001|https://dblp.org/db/journals/fss/fss118.html
Fuzzy Sets and Systems 122 2001|https://dblp.org/db/journals/fss/fss122.html
Int. J. Approx. Reasoning 27 2001|https://dblp.org/db/journals/ijar/ijar27.html
Inf. Sci. 136 2001|https://dblp.org/db/journals/isci/isci136.html
IEEE Trans. Evolutionary Computation 5 2001|https://dblp.org/db/journals/tec/tec5.html
IEEE Trans. Fuzzy Systems 9 2001|https://dblp.org/db/journals/tfs/tfs9.html
IEEE Trans. Systems, Man, and Cybernetics, Part B 31 2001|https://dblp.org/db/journals/tsmc/tsmcb31.html
Artificial Evolution 2001|https://dblp.org/db/conf/ae/ae2001.html
ISMDA 2001|https://dblp.org/db/conf/ismda/ismda2001.html
Appl. Intell. 13 2000|https://dblp.org/db/journals/apin/apin13.html
European Journal of Operational Research 120 2000|https://dblp.org/db/journals/eor/eor120.html
Fuzzy Sets and Systems 111 2000|https://dblp.org/db/journals/fss/fss111.html
Fuzzy Sets and Systems 114 2000|https://dblp.org/db/journals/fss/fss114.html
Fuzzy Sets and Systems 115 2000|https://dblp.org/db/journals/fss/fss115.html
Int. J. Approx. Reasoning 25 2000|https://dblp.org/db/journals/ijar/ijar25.html
International Journal of Uncertainty, Fuzziness and Knowledge-Based Systems 8 2000|https://dblp.org/db/journals/ijufks/ijufks8.html
IEEE Trans. Evolutionary Computation 4 2000|https://dblp.org/db/journals/tec/tec4.html
IEEE Trans. Fuzzy Systems 8 2000|https://dblp.org/db/journals/tfs/tfs8.html
PPSN 2000|https://dblp.org/db/conf/ppsn/ppsn2000.html
Appl. Intell. 10 1999|https://dblp.org/db/journals/apin/apin10.html
European Journal of Operational Research 119 1999|https://dblp.org/db/journals/eor/eor119.html
Int. J. Approx. Reasoning 20 1999|https://dblp.org/db/journals/ijar/ijar20.html
Int. J. Intell. Syst. 14 1999|https://dblp.org/db/journals/ijis/ijis14.html
IEEE Trans. Systems, Man, and Cybernetics, Part B 29 1999|https://dblp.org/db/journals/tsmc/tsmcb29.html
IDA 1999|https://dblp.org/db/conf/ida/ida99.html
Inteligencia Artificial, Revista Iberoamericana de Inteligencia Artificial 2 1998|https://dblp.org/db/journals/aepia/aepia2.html
Artif. Intell. Rev. 12 1998|https://dblp.org/db/journals/air/air12.html
Fuzzy Sets and Systems 94 1998|https://dblp.org/db/journals/fss/fss94.html
Fuzzy Sets and Systems 97 1998|https://dblp.org/db/journals/fss/fss97.html
Fuzzy Sets and Systems 100 1998|https://dblp.org/db/journals/fss/fss100.html
Int. J. Intell. Syst. 13 1998|https://dblp.org/db/journals/ijis/ijis13.html
Inf. Sci. 107 1998|https://dblp.org/db/journals/isci/isci107.html
IEA/AIE (Vol. 1) 1998|https://dblp.org/db/conf/ieaaie/ieaaie1998-1.html
PPSN 1998|https://dblp.org/db/conf/ppsn/ppsn1998.html
Fuzzy Sets and Systems 86 1997|https://dblp.org/db/journals/fss/fss86.html
Fuzzy Sets and Systems 88 1997|https://dblp.org/db/journals/fss/fss88.html
Fuzzy Sets and Systems 90 1997|https://dblp.org/db/journals/fss/fss90.html
Fuzzy Sets and Systems 92 1997|https://dblp.org/db/journals/fss/fss92.html
Int. J. Approx. Reasoning 16 1997|https://dblp.org/db/journals/ijar/ijar16.html
Int. J. Approx. Reasoning 17 1997|https://dblp.org/db/journals/ijar/ijar17.html
IEEE Trans. Systems, Man, and Cybernetics, Part A 27 1997|https://dblp.org/db/journals/tsmc/tsmca27.html
Fuzzy Sets and Systems 78 1996|https://dblp.org/db/journals/fss/fss78.html
Fuzzy Sets and Systems 79 1996|https://dblp.org/db/journals/fss/fss79.html
Fuzzy Sets and Systems 81 1996|https://dblp.org/db/journals/fss/fss81.html
Int. J. Intell. Syst. 11 1996|https://dblp.org/db/journals/ijis/ijis11.html
PPSN 1996|https://dblp.org/db/conf/ppsn/ppsn1996.html
Int. J. Approx. Reasoning 12 1995|https://dblp.org/db/journals/ijar/ijar12.html
Inf. Sci. 85 1995|https://dblp.org/db/journals/isci/isci85.html
Int. J. Intell. Syst. 9 1994|https://dblp.org/db/journals/ijis/ijis9.html
International Journal of Uncertainty, Fuzziness and Knowledge-Based Systems 2 1994|https://dblp.org/db/journals/ijufks/ijufks2.html
IEEE Trans. Industrial Informatics 15 2019|https://dblp.org/db/journals/tii/tii15.html
CILC 2019|https://dblp.org/db/conf/cilc/cilc2019.html
GCAI 2019|https://dblp.org/db/conf/gcai/gcai2019.html
IEEE Systems Journal 12 2018|https://dblp.org/db/journals/sj/sj12.html
IEEE Trans. Industrial Informatics 14 2018|https://dblp.org/db/journals/tii/tii14.html
MOD 2017|https://dblp.org/db/conf/mod/mod2017.html
Neurocomputing 135 2014|https://dblp.org/db/journals/ijon/ijon135.html
EMS 2014|https://dblp.org/db/conf/ems/ems2014.html
Intelligent Decision Technologies 7 2013|https://dblp.org/db/journals/idt/idt7.html
J. Ambient Intelligence and Humanized Computing 4 2013|https://dblp.org/db/journals/jaihc/jaihc4.html
Pattern Anal. Appl. 16 2013|https://dblp.org/db/journals/paa/paa16.html
EUSFLAT Conf. 2013|https://dblp.org/db/conf/eusflat/eusflat2013.html
IEEE Systems Journal 5 2011|https://dblp.org/db/journals/sj/sj5.html
Appl. Soft Comput. 10 2010|https://dblp.org/db/journals/asc/asc10.html
Neurocomputing 72 2009|https://dblp.org/db/journals/ijon/ijon72.html
Neural Computing and Applications 15 2006|https://dblp.org/db/journals/nca/nca15.html
Pattern Recognition 39 2006|https://dblp.org/db/journals/pr/pr39.html
FUZZ-IEEE 2006|https://dblp.org/db/conf/fuzzIEEE/fuzzIEEE2006.html
CEC Workshops 2005|https://dblp.org/db/conf/wecwis/cecw2005.html
ESANN 2004|https://dblp.org/db/conf/esann/esann2004.html
Pattern Recognition 34 2001|https://dblp.org/db/journals/pr/pr34.html
AI in Engineering 14 2000|https://dblp.org/db/journals/aei/aie14.html
Fuzzy Sets and Systems 113 2000|https://dblp.org/db/journals/fss/fss113.html
Pattern Anal. Appl. 3 2000|https://dblp.org/db/journals/paa/paa3.html
Pattern Recognition Letters 21 2000|https://dblp.org/db/journals/prl/prl21.html
KES 2000|https://dblp.org/db/conf/kes/kes2000.html
IJCNN 1999|https://dblp.org/db/conf/ijcnn/ijcnn1999.html
KES 1999|https://dblp.org/db/conf/kes/kes1999.html
Computers & Education 31 1998|https://dblp.org/db/journals/ce/ce31.html
KES (2) 1998|https://dblp.org/db/conf/kes/kes1998-2.html
KES (3) 1998|https://dblp.org/db/conf/kes/kes1998-3.html
Pattern Recognition Letters 18 1997|https://dblp.org/db/journals/prl/prl18.html
ICTAI 1996|https://dblp.org/db/conf/ictai/ictai1996.html
IWANN 1995|https://dblp.org/db/conf/iwann/iwann1995.html
IEEE Trans. Computers 39 1990|https://dblp.org/db/journals/tc/tc39.html
IEEE Micro 9 1989|https://dblp.org/db/journals/micro/micro9.html
IEEE Trans. Software Eng. 15 1989|https://dblp.org/db/journals/tse/tse15.html
Microprocessors and Microsystems - Embedded Hardware Design 12 1988|https://dblp.org/db/journals/mam/mam12.html
Inf. Sci. 497 2019|https://dblp.org/db/journals/isci/isci497.html
DEXA Workshops 2019|https://dblp.org/db/conf/dexaw/dexaw2019.html
IDEAL (1) 2019|https://dblp.org/db/conf/ideal/ideal2019-1.html
J. Big Data 5 2018|https://dblp.org/db/journals/jbd/jbd5.html
WWW (Companion Volume) 2018|https://dblp.org/db/conf/www/www2018c.html
NGMAST 2015|https://dblp.org/db/conf/ngmast/ngmast2015.html
J. Ambient Intelligence and Humanized Computing 5 2014|https://dblp.org/db/journals/jaihc/jaihc5.html
IEEE Trans. Wireless Communications 13 2014|https://dblp.org/db/journals/twc/twc13.html
WiMob 2013|https://dblp.org/db/conf/wimob/wimob2013.html
Evolutionary Based Solutions for Green Computing 2013|https://dblp.org/db/series/sci/sci432.html
Appl. Soft Comput. 12 2012|https://dblp.org/db/journals/asc/asc12.html
Journal of Systems Architecture - Embedded Systems Design 58 2012|https://dblp.org/db/journals/jsa/jsa58.html
MASS 2011|https://dblp.org/db/conf/mass/mass2011.html
Evolutionary Intelligence 3 2010|https://dblp.org/db/journals/evi/evi3.html
DEXA (1) 2010|https://dblp.org/db/conf/dexa/dexa2010-1.html
Comput. J. 51 2008|https://dblp.org/db/journals/cj/cj51.html
IEEE Communications Letters 12 2008|https://dblp.org/db/journals/icl/icl12.html
Journal of Intelligent and Fuzzy Systems 17 2006|https://dblp.org/db/journals/jifs/jifs17.html
Fuzzy Sets and Systems 145 2004|https://dblp.org/db/journals/fss/fss145.html
Inf. Sci. 151 2003|https://dblp.org/db/journals/isci/isci151.html
Concurrency and Computation: Practice and Experience 13 2001|https://dblp.org/db/journals/concurrency/concurrency13.html
Information & Software Technology 43 2001|https://dblp.org/db/journals/infsof/infsof43.html
Pattern Recognition Letters 22 2001|https://dblp.org/db/journals/prl/prl22.html
ACM Comput. Surv. 32 2000|https://dblp.org/db/journals/csur/csur32.html
ECOOP Workshops 1997|https://dblp.org/db/conf/ecoopw/ecoopw97.html
Computation 7 2019|https://dblp.org/db/journals/computation/computation7.html
IEEE Internet Computing 23 2019|https://dblp.org/db/journals/internet/internet23.html
ISPLC 2019|https://dblp.org/db/conf/isplc/isplc2019.html
Complexity 2018 2018|https://dblp.org/db/journals/complexity/complexity2018.html
Future Internet 10 2018|https://dblp.org/db/journals/fi/fi10.html
Security and Communication Networks 2018 2018|https://dblp.org/db/journals/scn/scn2018.html
AI*IA 2018|https://dblp.org/db/conf/aiia/aiia2018.html
EvoApplications 2018|https://dblp.org/db/conf/evoW/evoappl2018.html
SoftCOM 2018|https://dblp.org/db/conf/softcom/softcom2018.html
WIVACE 2018|https://dblp.org/db/conf/wivace/wivace2018.html
IoTBDS 2017|https://dblp.org/db/conf/iotbd/iotbd2017.html
WIVACE 2017|https://dblp.org/db/conf/wivace/wivace2017.html
Computer Networks 94 2016|https://dblp.org/db/journals/cn/cn94.html
Computer Communications 85 2016|https://dblp.org/db/journals/comcom/comcom85.html
AI*IA 2016|https://dblp.org/db/conf/aiia/aiia2016.html
WIVACE 2016|https://dblp.org/db/conf/wivace/wivace2016.html
NTMS 2015|https://dblp.org/db/conf/ntms/ntms2015.html
IWCMC 2014|https://dblp.org/db/conf/iwcmc/iwcmc2014.html
ICC 2012|https://dblp.org/db/conf/icc/icc2012.html
Inf. Sci. 512 2020|https://dblp.org/db/journals/isci/isci512.html
Future Generation Comp. Syst. 97 2019|https://dblp.org/db/journals/fgcs/fgcs97.html
Future Generation Comp. Syst. 99 2019|https://dblp.org/db/journals/fgcs/fgcs99.html
IEEE Internet of Things Journal 6 2019|https://dblp.org/db/journals/iotj/iotj6.html
J. Parallel Distrib. Comput. 131 2019|https://dblp.org/db/journals/jpdc/jpdc131.html
IEEE Systems Journal 13 2019|https://dblp.org/db/journals/sj/sj13.html
IEEE Trans. Emerging Topics Comput. 7 2019|https://dblp.org/db/journals/tetc/tetc7.html
UbiComp/ISWC Adjunct 2019|https://dblp.org/db/conf/huc/ubicomp2019ap.html
CoRR abs/1901.06242 2019|https://dblp.org/db/journals/corr/corr1901.html
CoRR abs/1903.12079 2019|https://dblp.org/db/journals/corr/corr1903.html
CoRR abs/1904.00381 2019|https://dblp.org/db/journals/corr/corr1904.html
CoRR abs/1905.11652 2019|https://dblp.org/db/journals/corr/corr1905.html
CoRR abs/1906.00026 2019|https://dblp.org/db/journals/corr/corr1906.html
CoRR abs/1908.02724 2019|https://dblp.org/db/journals/corr/corr1908.html
CoRR abs/1911.02063 2019|https://dblp.org/db/journals/corr/corr1911.html
IEEE Cloud Computing 5 2018|https://dblp.org/db/journals/cloudcomp/cloudcomp5.html
IEEE Trans. Knowl. Data Eng. 30 2018|https://dblp.org/db/journals/tkde/tkde30.html
CCNC 2018|https://dblp.org/db/conf/ccnc/ccnc2018.html
CoRR abs/1807.09680 2018|https://dblp.org/db/journals/corr/corr1807.html
CoRR abs/1809.00926 2018|https://dblp.org/db/journals/corr/corr1809.html
ACM Comput. Surv. 50 2017|https://dblp.org/db/journals/csur/csur50.html
Trans. Emerging Telecommunications Technologies 28 2017|https://dblp.org/db/journals/ett/ett28.html
IEEE Internet of Things Journal 4 2017|https://dblp.org/db/journals/iotj/iotj4.html
Softw., Pract. Exper. 47 2017|https://dblp.org/db/journals/spe/spe47.html
AAMAS 2017|https://dblp.org/db/conf/atal/aamas2017.html
SocialSens@CPSWeek 2017|https://dblp.org/db/conf/cpsweek/socialsens2017.html
CoRR abs/1708.05261 2017|https://dblp.org/db/journals/corr/corr1708.html
IEEE Computer 49 2016|https://dblp.org/db/journals/computer/computer49.html
IJDST 7 2016|https://dblp.org/db/journals/ijdst/ijdst7.html
Knowl.-Based Syst. 109 2016|https://dblp.org/db/journals/kbs/kbs109.html
SEAMS@ICSE 2016|https://dblp.org/db/conf/icse/seams2016.html
IOT 2016|https://dblp.org/db/conf/iot/iot2016.html
UCC 2016|https://dblp.org/db/conf/ucc/ucc2016.html
CoRR abs/1601.00428 2016|https://dblp.org/db/journals/corr/corr1601.html
CoRR abs/1605.05528 2016|https://dblp.org/db/journals/corr/corr1605.html
CoRR abs/1606.07932 2016|https://dblp.org/db/journals/corr/corr1606.html
CoRR abs/1609.03312 2016|https://dblp.org/db/journals/corr/corr1609.html
CoRR abs/1611.05170 2016|https://dblp.org/db/journals/corr/corr1611.html
IEEE Cloud Computing 2 2015|https://dblp.org/db/journals/cloudcomp/cloudcomp2.html
IT Professional 17 2015|https://dblp.org/db/journals/itpro/itpro17.html
IEEE Trans. Comput. Social Systems 2 2015|https://dblp.org/db/journals/tcss/tcss2.html
IEEE Trans. Emerging Topics Comput. 3 2015|https://dblp.org/db/journals/tetc/tetc3.html
IEEE Trans. Vehicular Technology 64 2015|https://dblp.org/db/journals/tvt/tvt64.html
IS-EUD 2015|https://dblp.org/db/conf/iseud/iseud2015.html
CoRR abs/1502.00134 2015|https://dblp.org/db/journals/corr/corr1502.html
CoRR abs/1503.01895 2015|https://dblp.org/db/journals/corr/corr1503.html
CoRR abs/1506.08865 2015|https://dblp.org/db/journals/corr/corr1506.html
IEEE Access 2 2014|https://dblp.org/db/journals/access/access2.html
IEEE Communications Surveys and Tutorials 16 2014|https://dblp.org/db/journals/comsur/comsur16.html
EAI Endorsed Trans. Collaborative Computing 1 2014|https://dblp.org/db/journals/eetcc/eetcc1.html
Trans. Emerging Telecommunications Technologies 25 2014|https://dblp.org/db/journals/ett/ett25.html
HICSS 2014|https://dblp.org/db/conf/hicss/hicss2014.html
WF-IoT 2014|https://dblp.org/db/conf/wf-iot/wf-iot2014.html
Big Data and Internet of Things 2014|https://dblp.org/db/series/sci/sci546.html
CoRR abs/1401.6720 2014|https://dblp.org/db/journals/corr/corr1401.html
CoRR abs/1405.5867 2014|https://dblp.org/db/journals/corr/corr1405.html
CoRR abs/1412.8339 2014|https://dblp.org/db/journals/corr/corr1412.html
CollaborateCom 2013|https://dblp.org/db/conf/colcom/colcom2013.html
ISSNIP 2013|https://dblp.org/db/conf/issnip/issnip2013.html
MDM (1) 2013|https://dblp.org/db/conf/mdm/mdm2013-1.html
International Semantic Web Conference (Posters & Demos) 2013|https://dblp.org/db/conf/semweb/iswc2013p.html
SKG 2013|https://dblp.org/db/conf/skg/skg2013.html
CoRR abs/1301.0157 2013|https://dblp.org/db/journals/corr/corr1301.html
CoRR abs/1303.2447 2013|https://dblp.org/db/journals/corr/corr1303.html
CoRR abs/1307.8198 2013|https://dblp.org/db/journals/corr/corr1307.html
CoRR abs/1309.1515 2013|https://dblp.org/db/journals/corr/corr1309.html
CoRR abs/1310.4038 2013|https://dblp.org/db/journals/corr/corr1310.html
CoRR abs/1311.2134 2013|https://dblp.org/db/journals/corr/corr1311.html
CoRR abs/1312.6721 2013|https://dblp.org/db/journals/corr/corr1312.html
GreenCom 2012|https://dblp.org/db/conf/greencom/greencom2012.html
MobiDE 2012|https://dblp.org/db/conf/mobide/mobide2012.html
PIMRC 2012|https://dblp.org/db/conf/pimrc/pimrc2012.html
Online Social Networks and Media 9 2019|https://dblp.org/db/journals/osnm/osnm9.html
From Software Engineering to Formal Methods and Tools, and Back 2019|https://dblp.org/db/conf/birthday/gnesi2019.html
IRCDL 2019|https://dblp.org/db/conf/ircdl/ircdl2019.html
ITASEC 2019|https://dblp.org/db/conf/itasec/itasec2019.html
WebSci 2019|https://dblp.org/db/conf/websci/websci2019.html
Future Generation Comp. Syst. 80 2018|https://dblp.org/db/journals/fgcs/fgcs80.html
Online Social Networks and Media 6 2018|https://dblp.org/db/journals/osnm/osnm6.html
IEEE Trans. Dependable Sec. Comput. 15 2018|https://dblp.org/db/journals/tdsc/tdsc15.html
ADBIS (Short Papers and Workshops) 2018|https://dblp.org/db/conf/adbis/adbis2018w.html
EDBT/ICDT Workshops 2018|https://dblp.org/db/conf/edbt/edbtw2018.html
RCIS 2018|https://dblp.org/db/conf/rcis/rcis2018.html
J. Log. Algebr. Meth. Program. 87 2017|https://dblp.org/db/journals/jlp/jlp87.html
DSAA 2017|https://dblp.org/db/conf/dsaa/dsaa2017.html
ICISSP (Revised Selected Papers) 2017|https://dblp.org/db/conf/icissp/icissp2017s.html
ICISSP 2017|https://dblp.org/db/conf/icissp/icissp2017.html
ITASEC 2017|https://dblp.org/db/conf/itasec/itasec2017.html
WWW (Companion Volume) 2017|https://dblp.org/db/conf/www/www2017c.html
CoRR abs/1701.03017 2017|https://dblp.org/db/journals/corr/corr1701.html
IEEE Intelligent Systems 31 2016|https://dblp.org/db/journals/expert/expert31.html
MONET 21 2016|https://dblp.org/db/journals/monet/monet21.html
APF 2016|https://dblp.org/db/conf/apf/apf2016.html
FINREC 2016|https://dblp.org/db/conf/finrec/finrec2016.html
ICWE Workshops 2016|https://dblp.org/db/conf/icwe/icwe2016w.html
ICWE 2016|https://dblp.org/db/conf/icwe/icwe2016.html
IDA 2016|https://dblp.org/db/conf/ida/ida2016.html
IIR 2016|https://dblp.org/db/conf/iir/iir2016.html
SemEval@NAACL-HLT 2016|https://dblp.org/db/conf/semeval/semeval2016.html
SocInfo (1) 2016|https://dblp.org/db/conf/socinfo/socinfo2016-1.html
CoRR abs/1602.00110 2016|https://dblp.org/db/journals/corr/corr1602.html
CoRR abs/1603.01987 2016|https://dblp.org/db/journals/corr/corr1603.html
ERCIM News 2016 2016|https://dblp.org/db/journals/ercim/ercim2016.html
Decision Support Systems 80 2015|https://dblp.org/db/journals/dss/dss80.html
Int. J. Inf. Sec. 14 2015|https://dblp.org/db/journals/ijisec/ijisec14.html
Service Oriented Computing and Applications 9 2015|https://dblp.org/db/journals/soca/soca9.html
APF 2015|https://dblp.org/db/conf/apf/apf2015.html
FNC/MobiSPC 2015|https://dblp.org/db/conf/fnc/fnc2015.html
ICSE (2) 2015|https://dblp.org/db/conf/icse/icse2015-2.html
SAC 2015|https://dblp.org/db/conf/sac/sac2015.html
SEFM 2015|https://dblp.org/db/conf/sefm/sefm2015.html
TrustBus 2015|https://dblp.org/db/conf/trustbus/trustbus2015.html
WIFS 2015|https://dblp.org/db/conf/wifs/wifs2015.html
WWV 2015|https://dblp.org/db/series/eptcs/eptcs188.html
CoRR abs/1509.04098 2015|https://dblp.org/db/journals/corr/corr1509.html
CoRR abs/1510.04031 2015|https://dblp.org/db/journals/corr/corr1510.html
ERCIM News 2015 2015|https://dblp.org/db/journals/ercim/ercim2015.html
IJSSE 5 2014|https://dblp.org/db/journals/ijsse/ijsse5.html
A4Cloud 2014|https://dblp.org/db/conf/a4cloud/a4cloud2014.html
AINA 2014|https://dblp.org/db/conf/aina/aina2014.html
APF 2014|https://dblp.org/db/conf/apf/apf2014.html
BICT 2014|https://dblp.org/db/conf/bionetics/bict2014.html
CBMS 2014|https://dblp.org/db/conf/cbms/cbms2014.html
ICDCS Workshops 2014|https://dblp.org/db/conf/icdcsw/icdcsw2014.html
OTM Conferences 2014|https://dblp.org/db/conf/otm/otm2014.html
WISE (1) 2014|https://dblp.org/db/conf/wise/wise2014-1.html
WISE Workshops 2014|https://dblp.org/db/conf/wise/wise2014w.html
Engineering Secure Future Internet Services and Systems 2014|https://dblp.org/db/series/lncs/lncs8431.html
ARES 2013|https://dblp.org/db/conf/IEEEares/ares2013.html
CBMS 2013|https://dblp.org/db/conf/cbms/cbms2013.html
IFIPTM 2013|https://dblp.org/db/conf/ifiptm/ifiptm2013.html
SPLC Workshops 2013|https://dblp.org/db/conf/splc/splc2013w.html
TrustCom/ISPA/IUCC 2013|https://dblp.org/db/conf/trustcom/trustcom2013.html
CD-ARES 2012|https://dblp.org/db/conf/IEEEares/cd-ares2012.html
AAAI Spring Symposium: Intelligent Web Services Meet Social Computing 2012|https://dblp.org/db/conf/aaaiss/aaaiss2012-04.html
DPM/SETOP 2012|https://dblp.org/db/conf/esorics/lncs7731.html
INTRUST 2012|https://dblp.org/db/conf/intrust/intrust2012.html
MDsec 2012|https://dblp.org/db/conf/models/mdsec2012.html
SAC 2012|https://dblp.org/db/conf/sac/sac2012.html
SPLC (2) 2012|https://dblp.org/db/conf/splc/splc2012-2.html
DPM/SETOP 2011|https://dblp.org/db/conf/esorics/lncs7122.html
STAST 2011|https://dblp.org/db/conf/stast/stast2011.html
SAC 2010|https://dblp.org/db/conf/sac/sac2010.html
BIONETICS 2009|https://dblp.org/db/conf/bionetics/bionetics2009.html
J. Autom. Reasoning 41 2008|https://dblp.org/db/journals/jar/jar41.html
BIONETICS 2008|https://dblp.org/db/conf/bionetics/bionetics2008.html
ICIW 2008|https://dblp.org/db/conf/iciw/iciw2008.html
Electr. Notes Theor. Comput. Sci. 168 2007|https://dblp.org/db/journals/entcs/entcs168.html
Electr. Notes Theor. Comput. Sci. 186 2007|https://dblp.org/db/journals/entcs/entcs186.html
AICT 2007|https://dblp.org/db/conf/aict/aict2007.html
BIONETICS 2007|https://dblp.org/db/conf/bionetics/bionetics2007.html
OTM Conferences (2) 2007|https://dblp.org/db/conf/otm/otm2007-2.html
ERCIM News 2007 2007|https://dblp.org/db/journals/ercim/ercim2007.html
Electr. Notes Theor. Comput. Sci. 142 2006|https://dblp.org/db/journals/entcs/entcs142.html
Electr. Notes Theor. Comput. Sci. 157 2006|https://dblp.org/db/journals/entcs/entcs157.html
Journal of Automata, Languages and Combinatorics 11 2006|https://dblp.org/db/journals/jalc/jalc11.html
Softw. Test., Verif. Reliab. 16 2006|https://dblp.org/db/journals/stvr/stvr16.html
BIONETICS 2006|https://dblp.org/db/conf/bionetics/bionetics2006.html
Computers & Security 24 2005|https://dblp.org/db/journals/compsec/compsec24.html
Electr. Notes Theor. Comput. Sci. 128 2005|https://dblp.org/db/journals/entcs/entcs128.html
Communications and Multimedia Security 2004|https://dblp.org/db/conf/cms/cms2004.html
ACSD 2003|https://dblp.org/db/conf/acsd/acsd2003.html
FMOODS 2003|https://dblp.org/db/conf/fmoods/fmoods2003.html
ICTCS 2003|https://dblp.org/db/conf/ictcs/ictcs2003.html
ISSS 2003|https://dblp.org/db/conf/isss2/isss2003.html
ISC 2002|https://dblp.org/db/conf/isw/isc2002.html
IJPRAI 33 2019|https://dblp.org/db/journals/ijprai/ijprai33.html
J. Comput. Meth. in Science and Engineering 19 2019|https://dblp.org/db/journals/jcmse/jcmse19.html
IFIP TC12 ICIS 2018|https://dblp.org/db/conf/ifip12/icis2018.html
Trans. Computational Collective Intelligence 22 2016|https://dblp.org/db/journals/tcci/tcci22.html
EUROCAST 2015|https://dblp.org/db/conf/eurocast/eurocast2015.html
Int. J. Comput. Intell. Syst. 7 2014|https://dblp.org/db/journals/ijcisys/ijcisys7.html
Inf. Sci. 277 2014|https://dblp.org/db/journals/isci/isci277.html
Systems 2 2014|https://dblp.org/db/journals/systems/systems2.html
Trans. Computational Collective Intelligence 14 2014|https://dblp.org/db/journals/tcci/tcci14.html
Entropy 15 2013|https://dblp.org/db/journals/entropy/entropy15.html
EUROCAST (2) 2013|https://dblp.org/db/conf/eurocast/eurocast2013-2.html
Trans. Computational Collective Intelligence 8 2012|https://dblp.org/db/journals/tcci/tcci8.html
IJCCI (Selected Papers) 2012|https://dblp.org/db/conf/ijcci/ijcci2012-s.html
SMC 2012|https://dblp.org/db/conf/smc/smc2012.html
EUROCAST (2) 2011|https://dblp.org/db/conf/eurocast/eurocast2011-2.html
IBICA 2011|https://dblp.org/db/conf/ibica/ibica2011.html
KES-AMSTA 2011|https://dblp.org/db/conf/kesamsta/kesamsta2011.html
Knowl. Inf. Syst. 18 2009|https://dblp.org/db/journals/kais/kais18.html
EUROCAST 2009|https://dblp.org/db/conf/eurocast/eurocast2009.html
IJCNN 2009|https://dblp.org/db/conf/ijcnn/ijcnn2009.html
Appl. Soft Comput. 8 2008|https://dblp.org/db/journals/asc/asc8.html
IJCNN 2008|https://dblp.org/db/conf/ijcnn/ijcnn2008.html
New Directions in Intelligent Interactive Multimedia 2008|https://dblp.org/db/series/sci/sci142.html
EUROCAST 2007|https://dblp.org/db/conf/eurocast/eurocast2007.html
KES-AMSTA 2007|https://dblp.org/db/conf/kesamsta/kesamsta2007.html
JCIS 2006|https://dblp.org/db/conf/jcis/jcis2006.html
EUROCAST 2005|https://dblp.org/db/conf/eurocast/eurocast2005.html
Inf. Sci. 160 2004|https://dblp.org/db/journals/isci/isci160.html
Electr. Notes Theor. Comput. Sci. 82 2003|https://dblp.org/db/journals/entcs/entcs82.html
EUROCAST 2003|https://dblp.org/db/conf/eurocast/eurocast2003.html
KES 2003|https://dblp.org/db/conf/kes/kes2003-1.html
RSFDGrC 2003|https://dblp.org/db/conf/rsfdgrc/rsfdgrc2003.html
Inf. Sci. 142 2002|https://dblp.org/db/journals/isci/isci142.html
FoIKS 2002|https://dblp.org/db/conf/foiks/foiks2002.html
Inf. Sci. 131 2001|https://dblp.org/db/journals/isci/isci131.html
EUROCAST 2001|https://dblp.org/db/conf/eurocast/eurocast2001.html
Rough Sets and Current Trends in Computing 2000|https://dblp.org/db/conf/rsctc/rsctc2000.html
I. J. Robotics Res. 18 1999|https://dblp.org/db/journals/ijrr/ijrr18.html
EUROCAST 1999|https://dblp.org/db/conf/eurocast/eurocast1999.html
DEXA 1997|https://dblp.org/db/conf/dexa/dexa97.html
EUROCAST 1997|https://dblp.org/db/conf/eurocast/eurocast1997.html
Fuzzy Sets and Systems 80 1996|https://dblp.org/db/journals/fss/fss80.html
CAST 1994|https://dblp.org/db/conf/eurocast/cast1994.html
International Journal of Uncertainty, Fuzziness and Knowledge-Based Systems 1 1993|https://dblp.org/db/journals/ijufks/ijufks1.html
ICALT 2017|https://dblp.org/db/conf/icalt/icalt2017.html
Computers in Human Behavior 25 2009|https://dblp.org/db/journals/chb/chb25.html
ICWL 2009|https://dblp.org/db/conf/icwl/icwl2009.html
Learning to Live in the Knowledge Society 2008|https://dblp.org/db/conf/ifip3/ifip3-2008.html
Computers & Education 34 2000|https://dblp.org/db/journals/ce/ce34.html
EC-TEL (Practitioner Proceedings) 2019|https://dblp.org/db/conf/ectel/ectel2019p.html
EC-TEL 2019|https://dblp.org/db/conf/ectel/ectel2019.html
ICALT 2018|https://dblp.org/db/conf/icalt/icalt2018.html
Online Information Review 41 2017|https://dblp.org/db/journals/oir/oir41.html
EC-TEL 2017|https://dblp.org/db/conf/ectel/ectel2017.html
EDUCON 2017|https://dblp.org/db/conf/educon/educon2017.html
GALA 2017|https://dblp.org/db/conf/gala/gala2017.html
GamiFIN 2017|https://dblp.org/db/conf/gamifin/gamifin2017.html
HCI (25) 2017|https://dblp.org/db/conf/hci/hci2017-25.html
MTSR 2011|https://dblp.org/db/conf/mtsr/mtsr2011.html
MTSR 2010|https://dblp.org/db/conf/mtsr/mtsr2010.html
Wireless Communications and Mobile Computing 2018 2018|https://dblp.org/db/journals/wicomm/wicomm2018.html
Inf. Process. Lett. 115 2015|https://dblp.org/db/journals/ipl/ipl115.html
J. Network and Computer Applications 48 2015|https://dblp.org/db/journals/jnca/jnca48.html
FiCloud 2015|https://dblp.org/db/conf/ficloud/ficloud2015.html
Wireless Personal Communications 76 2014|https://dblp.org/db/journals/wpc/wpc76.html
Eng. Appl. of AI 26 2013|https://dblp.org/db/journals/eaai/eaai26.html
ICEBE 2010|https://dblp.org/db/conf/icebe/icebe2010.html
